Name,Count,C.Avg,Incl,I.Min,I.Max,I.Avg,I.Med,Excl,E.Min,E.Max,E.Avg,E.Med
Frame,784,784.000000,43.180196,0.028782,0.130025,0.055077,0.052303,5.479845,0.000397,0.029904,0.006990,0.006209
RenderGraphExecute,7090,7090.000000,33.288534,0.000000,0.097993,0.004695,0.000000,15.418076,0.000000,0.097993,0.002175,0.000000
FEngineLoop::Tick,394,394.000000,29.999885,0.051909,0.143458,0.076142,0.074103,0.003427,0.000001,0.000148,0.000009,0.000007
Frame,394,394.000000,29.994364,0.051896,0.143443,0.076128,0.074089,0.026956,0.000037,0.000291,0.000068,0.000065
Tick_Engine,394,394.000000,23.394747,0.036473,0.117928,0.059378,0.057865,0.162796,0.000335,0.000721,0.000413,0.000397
UWorld_Tick,1576,1576.000000,21.556022,0.000164,0.087731,0.013678,0.009009,2.145227,0.000075,0.009972,0.001361,0.000575
SceneRender,1575,1575.000000,20.624676,0.001660,0.023374,0.013095,0.013065,2.850094,0.000033,0.009005,0.001810,0.001030
Scene,3151,3151.000000,16.848215,0.000038,0.016733,0.005347,0.002905,0.663062,0.000038,0.002159,0.000210,0.000124
TickCompletionEvents,8274,8274.000000,9.290807,0.000000,0.032528,0.001123,0.000000,0.017250,0.000000,0.000061,0.000002,0.000001
ProcessUntilTasksComplete,8274,8274.000000,9.273557,0.000000,0.032520,0.001121,0.000000,0.740348,0.000000,0.001068,0.000089,0.000033
FActorComponentTickFunction::ExecuteTick,319187,319187.000000,5.619059,0.000000,0.030858,0.000018,0.000000,0.033660,0.000000,0.000187,0.000000,0.000000
Slate::Tick (Time and Widgets),394,394.000000,5.209677,0.002894,0.021063,0.013223,0.012804,0.006193,0.000012,0.000040,0.000016,0.000015
Slate::DrawWindows,394,394.000000,5.203484,0.002882,0.021034,0.013207,0.012783,0.039071,0.000027,0.000256,0.000099,0.000092
Slate::DrawWindow,1181,1181.000000,3.878955,0.000117,0.006803,0.003284,0.003966,0.011090,0.000004,0.000033,0.000009,0.000009
Slate_PaintSlowPath,1181,1181.000000,3.867866,0.000113,0.006782,0.003275,0.003953,0.477866,0.000019,0.002667,0.000405,0.000046
PrepareImageBasedVRS,787,787.000000,3.650147,0.001517,0.009930,0.004638,0.004831,0.006062,0.000003,0.001044,0.000008,0.000003
ContrastAdaptiveShading,787,787.000000,3.644085,0.001510,0.009923,0.004630,0.004824,3.644085,0.001510,0.009923,0.004630,0.004824
ParallelDraw,33061,33061.000000,3.477368,0.000000,0.001890,0.000105,0.000038,3.477368,0.000000,0.001890,0.000105,0.000038
SViewport_OnPaint,1181,1181.000000,3.357775,0.000014,0.006648,0.002843,0.003901,0.007699,0.000002,0.000057,0.000007,0.000005
Paint: Game UI,1181,1181.000000,3.333901,0.000004,0.006602,0.002823,0.003870,0.019679,0.000004,0.000162,0.000017,0.000018
SConstraintCanvas,1573,1573.000000,3.314222,0.000000,0.006489,0.002107,0.000197,0.017864,0.000002,0.000149,0.000011,0.000005
SceneRenderGroup,1576,1576.000000,3.087077,0.001456,0.004255,0.001959,0.001654,0.002917,0.000000,0.000004,0.000002,0.000002
SceneRender,1576,1576.000000,3.084160,0.001453,0.004254,0.001957,0.001651,1.644503,0.000041,0.004121,0.001043,0.000515
GuLiSceneUI_Paint,3144,3144.000000,2.964426,0.000003,0.005733,0.000943,0.000061,2.964426,0.000003,0.005733,0.000943,0.000061
GuLiCombatEffects_Runtime,394,394.000000,2.624732,0.001185,0.022932,0.006662,0.003602,0.507124,0.000543,0.003373,0.001287,0.001172
GuLiProjectilePool,897,897.000000,2.117192,0.000459,0.018427,0.002360,0.000822,0.215461,0.000037,0.002125,0.000240,0.000059
Mass Processor Task,19700,19700.000000,1.875435,0.000000,0.009138,0.000095,0.000000,0.009925,0.000000,0.000029,0.000001,0.000000
RenderVelocities(%s),2363,2363.000000,1.821849,0.000103,0.005295,0.000771,0.000261,0.124772,0.000016,0.001143,0.000053,0.000050
Projectile Movement,53375,53375.000000,1.815853,0.000000,0.001957,0.000034,0.000020,1.437097,0.000000,0.001935,0.000027,0.000000
GuLiCommanderPredictiveAvoidanceProcessor_1,394,394.000000,1.770435,0.001968,0.009135,0.004493,0.004213,0.022142,0.000039,0.000176,0.000056,0.000051
DiffuseIndirectAndAO,1574,1574.000000,1.736106,0.000045,0.005043,0.001103,0.001231,0.009419,0.000002,0.000017,0.000006,0.000005
LumenScreenProbeGather,1574,1574.000000,1.646291,0.000043,0.004938,0.001046,0.001131,1.345238,0.000001,0.004638,0.000855,0.000774
BasePass,1575,1575.000000,1.625164,0.000278,0.004427,0.001032,0.000949,0.109856,0.000016,0.001232,0.000070,0.000065
GuLiCommander_PredictiveAvoidanceCandidateQuery,394,394.000000,1.617010,0.001706,0.008091,0.004104,0.003835,1.617010,0.001706,0.008091,0.004104,0.003835
GuLiSceneUIWidget /Engine/Transient.UnrealEdEngine_0:GameInstance_11.GuLiSceneUIWidget_1_Paint,393,393.000000,1.517066,0.003290,0.005230,0.003860,0.003780,0.007060,0.000008,0.000084,0.000018,0.000017
Niagara GPU Ribbons,476,476.000000,1.500690,0.001725,0.005160,0.003153,0.003009,0.050078,0.000081,0.000446,0.000105,0.000103
GuLiSceneUIWidget /Engine/Transient.UnrealEdEngine_0:GameInstance_10.GuLiSceneUIWidget_1_Paint,393,393.000000,1.461733,0.003170,0.005865,0.003719,0.003605,0.006694,0.000009,0.000162,0.000017,0.000015
GuLiCombatEffects_Presentation,788,788.000000,1.350770,0.000761,0.004564,0.001714,0.001567,0.905240,0.000692,0.003186,0.001149,0.001095
CombatEffectReplication,718,718.000000,1.254569,0.000001,0.030857,0.001747,0.000936,1.156983,0.000001,0.030467,0.001611,0.000616
RayTracingDynamicGeometry,1574,1574.000000,1.060869,0.000077,0.003123,0.000674,0.000815,0.007789,0.000001,0.000013,0.000005,0.000005
SendAllEndOfFrameUpdates,2756,2756.000000,1.039798,0.000000,0.002710,0.000377,0.000000,0.000888,0.000000,0.000171,0.000000,0.000000
UWorld_SendAllEndOfFrameUpdates,2756,2756.000000,1.038910,0.000000,0.002709,0.000377,0.000000,0.028667,0.000000,0.000131,0.000010,0.000004
UNetConnection_ReceivedPacket,19997,19997.000000,1.038022,0.000001,0.001579,0.000052,0.000033,0.043647,0.000000,0.000153,0.000002,0.000000
MassExecutor_RunProcessorsView,21443,21443.000000,1.031671,0.000000,0.007401,0.000048,0.000000,0.006472,0.000000,0.000081,0.000000,0.000000
MassExecutor Run,207,207.000000,1.014941,0.000043,0.007401,0.004903,0.004800,0.000068,0.000000,0.000001,0.000000,0.000000
GuLiCommanderMassStateTreeProcessor_0,207,207.000000,1.013804,0.000040,0.007395,0.004898,0.004795,1.013804,0.000040,0.007395,0.004898,0.004795
DeferredRenderUpdates_GameThread,1182,1182.000000,1.005351,0.000111,0.002637,0.000851,0.001029,0.180597,0.000061,0.000563,0.000153,0.000152
ProcessLocalPlayerSlateOperations,394,394.000000,0.999247,0.002130,0.005650,0.002536,0.002415,0.999247,0.002130,0.005650,0.002536,0.002415
UChannel_ReceivedRawBunch,28994,28994.000000,0.994376,0.000000,0.001575,0.000034,0.000016,0.010058,0.000000,0.000047,0.000000,0.000000
UChannel_ReceivedSequencedBunch,24535,24535.000000,0.984318,0.000002,0.001573,0.000040,0.000018,0.109339,0.000001,0.000396,0.000004,0.000001
BP_CombatAvatarFly01_C,1182,1182.000000,0.968192,0.000006,0.020177,0.000819,0.000006,0.968192,0.000006,0.020177,0.000819,0.000006
NiagaraRenderRibbonsAggregation,30464,30464.000000,0.938747,0.000013,0.001296,0.000031,0.000026,0.684131,0.000009,0.001288,0.000022,0.000022
RayTracingDynamicGeometryUpdate,1574,1574.000000,0.936524,0.000042,0.003118,0.000595,0.000803,0.936524,0.000042,0.003118,0.000595,0.000803
GatherWindowElements,1179,1179.000000,0.866066,0.000089,0.001989,0.000735,0.000857,0.004909,0.000002,0.000041,0.000004,0.000004
GuLiCommanderPresentationActor,1110,1110.000000,0.865066,0.000001,0.002181,0.000779,0.001014,0.002986,0.000001,0.000037,0.000003,0.000003
EvaluateCanExecute,23757,23757.000000,0.864617,0.000001,0.001553,0.000036,0.000016,0.166017,0.000000,0.000303,0.000007,0.000003
GuLiCommanderPresentation_RebuildLocalInstances,788,788.000000,0.862080,0.000860,0.002173,0.001094,0.001066,0.159585,0.000072,0.000493,0.000203,0.000217
Slate::AddElements,1179,1179.000000,0.861157,0.000087,0.001982,0.000730,0.000852,0.004377,0.000001,0.000078,0.000004,0.000004
Slate::AddCustomVertsElement,786,786.000000,0.798912,0.000677,0.001902,0.001016,0.000999,0.798912,0.000677,0.001902,0.001016,0.000999
SlateUI Title = %s,1182,1182.000000,0.787875,0.000017,0.003339,0.000667,0.000118,0.567278,0.000010,0.003040,0.000480,0.000133
Nanite::DrawGeometry,2362,2362.000000,0.755251,0.000142,0.001830,0.000320,0.000245,0.088949,0.000019,0.001071,0.000038,0.000029
Translucency,788,788.000000,0.749705,0.000729,0.002418,0.000951,0.000882,0.021879,0.000013,0.001095,0.000028,0.000035
ShadowDepths,787,787.000000,0.688201,0.000738,0.002315,0.000874,0.000802,0.013930,0.000006,0.000716,0.000018,0.000013
CustomDepth,1575,1575.000000,0.641799,0.000220,0.002033,0.000407,0.000495,0.641799,0.000220,0.002033,0.000407,0.000495
GuLiCommanderPresentation_Interpolation,788,788.000000,0.633962,0.000681,0.001516,0.000805,0.000782,0.606651,0.000650,0.001459,0.000770,0.000748
NS_WM01_Explosion_2A,200172,200172.000000,0.575482,0.000000,0.000714,0.000003,0.000000,0.569179,0.000000,0.000711,0.000003,0.000000
GuLiCommander_ManualAvoidanceRefresh,300,300.000000,0.574567,0.001674,0.002949,0.001915,0.001841,0.574567,0.001674,0.002949,0.001915,0.001841
CharMoveComp,43237,43237.000000,0.571948,0.000000,0.000454,0.000013,0.000010,0.021157,0.000000,0.000449,0.000000,0.000000
WingmanRelay,1957,1957.000000,0.570395,0.000001,0.007693,0.000291,0.000001,0.487466,0.000001,0.007427,0.000249,0.000001
GuLiProjectilePool_NarrowPhase,364789,364789.000000,0.562274,0.000000,0.000481,0.000002,0.000000,0.562274,0.000000,0.000481,0.000002,0.000000
UCharacterMovementComponent_TickComponent,42552,42552.000000,0.550791,0.000001,0.000399,0.000013,0.000009,0.532900,0.000001,0.000399,0.000013,0.000009
NiagaraComponent,348580,348580.000000,0.475316,0.000000,0.000227,0.000001,0.000002,0.046620,0.000000,0.000112,0.000000,0.000000
GuLiProjectilePool_WorldSweep,364789,364789.000000,0.471071,0.000001,0.000424,0.000001,0.000001,0.471071,0.000001,0.000424,0.000001,0.000001
LumenSceneLighting%s,787,787.000000,0.466278,0.000364,0.002171,0.000592,0.000565,0.013639,0.000010,0.000449,0.000017,0.000015
USkinnedMeshComponent_TickComponent,100470,100470.000000,0.442582,0.000000,0.000687,0.000004,0.000000,0.261899,0.000000,0.000550,0.000003,0.000000
RenderVirtualShadowMaps,787,787.000000,0.431627,0.000455,0.001861,0.000548,0.000497,0.024393,0.000027,0.000367,0.000031,0.000030
Collision Sphere,268945,268945.000000,0.424158,0.000000,0.000355,0.000002,0.000000,0.371916,0.000000,0.000262,0.000001,0.000000
Slate::Prepass,394,394.000000,0.419391,0.000832,0.002762,0.001064,0.000969,0.418961,0.000831,0.002760,0.001063,0.000968
NetBroadcastTickTime,1576,1576.000000,0.410744,0.000000,0.002572,0.000261,0.000104,0.004081,0.000000,0.000089,0.000003,0.000003
RenderTranslucency,788,788.000000,0.409836,0.000264,0.001946,0.000520,0.000468,0.118526,0.000055,0.001366,0.000150,0.000135
GameNetDriver,1182,1182.000000,0.406663,0.000074,0.002568,0.000344,0.000099,0.207930,0.000074,0.000837,0.000176,0.000112
GuLiProjectilePool_Candidates,364789,364789.000000,0.406307,0.000000,0.000335,0.000001,0.000000,0.406307,0.000000,0.000335,0.000001,0.000000
SkeletalMeshComponent0,62646,62646.000000,0.385773,0.000001,0.000627,0.000006,0.000001,0.012032,0.000000,0.000063,0.000000,0.000000
CommanderNetSync,1957,1957.000000,0.359141,0.000001,0.001503,0.000184,0.000031,0.076979,0.000001,0.000390,0.000039,0.000005
MainPass,2362,2362.000000,0.351657,0.000054,0.001551,0.000149,0.000130,0.171449,0.000030,0.001470,0.000073,0.000073
Nanite::VisBuffer,1575,1575.000000,0.348372,0.000143,0.001659,0.000221,0.000220,0.000355,0.000000,0.000002,0.000000,0.000000
Chassis_Transporter_Cockpit_Lvl2,60676,60676.000000,0.343287,0.000000,0.000627,0.000006,0.000000,0.070052,0.000000,0.000156,0.000001,0.000000
NiagaraRenderRibbonsGenVerticesSortGPU,30464,30464.000000,0.317862,0.000006,0.001176,0.000010,0.000006,0.106139,0.000000,0.001169,0.000003,0.000000
SObjectWidget [Widget.cpp(995)],787,787.000000,0.314805,0.000040,0.001240,0.000400,0.000367,0.001334,0.000001,0.000025,0.000002,0.000002
UMassEntityEditorSubsystem::Tick,394,394.000000,0.313759,0.000424,0.006644,0.000796,0.000613,0.019837,0.000014,0.001130,0.000050,0.000014
RenderDeferredLighting,787,787.000000,0.310953,0.000341,0.001591,0.000395,0.000366,0.001347,0.000000,0.000004,0.000002,0.000002
GuLiSceneUI_Update,787,787.000000,0.308598,0.000028,0.001226,0.000392,0.000355,0.283488,0.000028,0.001109,0.000360,0.000334
ClientReceiveEncodedPoseBlock,33297,33297.000000,0.275233,0.000000,0.000345,0.000008,0.000010,0.139229,0.000000,0.000345,0.000004,0.000000
FXSystemPreRender,1574,1574.000000,0.273303,0.000000,0.001606,0.000174,0.000057,0.272703,0.000000,0.001606,0.000173,0.000057
UpdateRadianceCaches,1574,1574.000000,0.268376,0.000041,0.001427,0.000171,0.000223,0.268376,0.000041,0.001427,0.000171,0.000223
PostProcessing,788,788.000000,0.262405,0.000288,0.001465,0.000333,0.000311,0.127081,0.000128,0.001300,0.000161,0.000152
PostPass,2362,2362.000000,0.256161,0.000052,0.001366,0.000108,0.000065,0.145114,0.000036,0.000974,0.000061,0.000045
GuLiPose_Send,11707,11707.000000,0.252997,0.000000,0.000413,0.000022,0.000021,0.048855,0.000000,0.000177,0.000004,0.000004
DirectLighting,787,787.000000,0.251550,0.000149,0.001597,0.000320,0.000309,0.019142,0.000010,0.000345,0.000024,0.000024
ClientReceivePublicPoseFrame,1800,1800.000000,0.245249,0.000000,0.001553,0.000136,0.000000,0.228566,0.000000,0.001453,0.000127,0.000000
GuLiCommander_SoldierCombat,300,300.000000,0.236899,0.000460,0.003522,0.000790,0.000552,0.236899,0.000460,0.003522,0.000790,0.000552
FTaskBase::WaitWithNamedThreadsSupport,394,394.000000,0.218111,0.000288,0.004699,0.000554,0.000422,0.019241,0.000030,0.000221,0.000049,0.000044
GuLiProjectilePool_Snapshot,1047,1047.000000,0.215251,0.000165,0.000810,0.000206,0.000191,0.215251,0.000165,0.000810,0.000206,0.000191
LumenSceneUpdate:,787,787.000000,0.203949,0.000124,0.001638,0.000259,0.000139,0.027932,0.000026,0.000861,0.000035,0.000026
Presentation,38612,38612.000000,0.203921,0.000003,0.000321,0.000005,0.000003,0.178289,0.000003,0.000192,0.000005,0.000005
GuLiProjectilePool_Settle,41374,41374.000000,0.202807,0.000001,0.000384,0.000005,0.000005,0.190692,0.000001,0.000384,0.000005,0.000005
FTimerManager_Tick,1576,1576.000000,0.196279,0.000002,0.008603,0.000125,0.000088,0.023277,0.000002,0.000385,0.000015,0.000009
NiagaraRenderRibbonsGenIndiciesGPU,30464,30464.000000,0.194003,0.000002,0.001180,0.000006,0.000002,0.194003,0.000002,0.001180,0.000006,0.000002
NiagaraRenderRibbonsGenVerticesInitialSortGPU,30464,30464.000000,0.192048,0.000002,0.000763,0.000006,0.000010,0.192048,0.000002,0.000763,0.000006,0.000010
bDoingActorTicks,1182,1182.000000,0.188498,0.000012,0.001118,0.000159,0.000023,0.000343,0.000000,0.000001,0.000000,0.000000
FWorldDelegates::OnWorldPostActorTick,1182,1182.000000,0.187157,0.000011,0.001118,0.000158,0.000023,0.037418,0.000005,0.000457,0.000032,0.000010
MulticastFlightBatch,10526,10526.000000,0.185536,0.000000,0.000397,0.000018,0.000018,0.085034,0.000000,0.000207,0.000008,0.000005
Frame,4,4.000000,0.185011,0.018994,0.073668,0.046253,0.055167,0.015824,0.000338,0.007523,0.003956,0.004076
NodeAndClusterCull,4724,4724.000000,0.184375,0.000009,0.001194,0.000039,0.000027,0.184375,0.000009,0.001194,0.000039,0.000027
Distortion,788,788.000000,0.180353,0.000197,0.001308,0.000229,0.000208,0.001780,0.000001,0.000005,0.000002,0.000002
GuLiMissileCluster,788,788.000000,0.176643,0.000010,0.001045,0.000224,0.000250,0.084012,0.000010,0.000816,0.000107,0.000107
Radiosity,787,787.000000,0.169106,0.000122,0.001537,0.000215,0.000208,0.169106,0.000122,0.001537,0.000215,0.000208
MaterialBatch,1576,1576.000000,0.166602,0.000000,0.001128,0.000106,0.000000,0.166602,0.000000,0.001128,0.000106,0.000000
NiagaraRenderRibbonsGenVerticesMultiRibbonInitGPU,30464,30464.000000,0.165117,0.000001,0.001016,0.000005,0.000001,0.165117,0.000001,0.001016,0.000005,0.000001
FViewport_Draw,788,788.000000,0.161666,0.000073,0.000582,0.000205,0.000268,0.116447,0.000053,0.000434,0.000148,0.000184
WaitForTasks,3584,3584.000000,0.161470,0.000001,0.000923,0.000045,0.000029,0.161470,0.000001,0.000923,0.000045,0.000029
GuLiSceneUIWidget /Engine/Transient.UnrealEdEngine_0:GameInstance_11.GuLiSceneUIWidget_1_Tick,393,393.000000,0.161042,0.000194,0.001237,0.000410,0.000394,0.001791,0.000002,0.000115,0.000005,0.000003
DiffuseIndirectAndAO,1574,1574.000000,0.160571,0.000034,0.001161,0.000102,0.000148,0.032080,0.000000,0.000823,0.000020,0.000033
Rough,788,788.000000,0.154117,0.000172,0.001258,0.000196,0.000183,0.004860,0.000003,0.000350,0.000006,0.000007
GuLiSceneUIWidget /Engine/Transient.UnrealEdEngine_0:GameInstance_10.GuLiSceneUIWidget_1_Tick,394,394.000000,0.152430,0.000037,0.001026,0.000387,0.000317,0.003082,0.000006,0.000018,0.000008,0.000007
MulticastReliableStates,6126,6126.000000,0.145957,0.000000,0.000924,0.000024,0.000009,0.125828,0.000000,0.000924,0.000021,0.000009
GuLiClientFlightPrediction,65777,65777.000000,0.142892,0.000000,0.000282,0.000002,0.000000,0.142892,0.000000,0.000282,0.000002,0.000000
NS_WingmanFlightTrail,21276,21276.000000,0.139190,0.000000,0.000257,0.000007,0.000005,0.136843,0.000000,0.000248,0.000006,0.000005
WaitUntilTasksComplete,2106,2106.000000,0.139155,0.000000,0.000819,0.000066,0.000050,0.006743,0.000000,0.000066,0.000003,0.000003
VirtualTextureUpdate,1576,1576.000000,0.137923,0.000066,0.001249,0.000088,0.000090,0.137923,0.000066,0.001249,0.000088,0.000090
GuLiWingmanPresentationActor,788,788.000000,0.132107,0.000014,0.000629,0.000168,0.000266,0.105109,0.000012,0.000504,0.000133,0.000208
Door,17731,17731.000000,0.130222,0.000000,0.000223,0.000007,0.000005,0.003530,0.000000,0.000055,0.000000,0.000000
LumenReflections,787,787.000000,0.128491,0.000144,0.001161,0.000163,0.000155,0.128491,0.000144,0.001161,0.000163,0.000155
ServerMovePacked,2364,2364.000000,0.127417,0.000000,0.000455,0.000054,0.000023,0.090003,0.000000,0.000290,0.000038,0.000021
SK_RPF_Door,17730,17730.000000,0.126686,0.000000,0.000223,0.000007,0.000002,0.026731,0.000000,0.000085,0.000002,0.000001
SoldierWorldReplication,394,394.000000,0.125980,0.000002,0.000843,0.000320,0.000376,0.060293,0.000002,0.000411,0.000153,0.000180
USkeletalMeshComponent_TickAnimation,8274,8274.000000,0.123870,0.000001,0.000677,0.000015,0.000001,0.013145,0.000000,0.000030,0.000002,0.000001
RenderVirtualShadowMaps,787,787.000000,0.122748,0.000114,0.001296,0.000156,0.000161,0.000515,0.000000,0.000002,0.000001,0.000001
Batched,787,787.000000,0.122232,0.000114,0.001295,0.000155,0.000161,0.079530,0.000064,0.001237,0.000101,0.000100
GuLiPose_Receive,11099,11099.000000,0.118187,0.000001,0.000211,0.000011,0.000009,0.062819,0.000000,0.000206,0.000006,0.000004
PrePass %s %s,1575,1575.000000,0.117931,0.000000,0.001192,0.000075,0.000000,0.038187,0.000000,0.000761,0.000024,0.000000
CharacterMesh0,45031,45031.000000,0.117201,0.000000,0.000689,0.000003,0.000000,0.016995,0.000000,0.000089,0.000000,0.000000
Build,787,787.000000,0.116556,0.000033,0.000761,0.000148,0.000143,0.116556,0.000033,0.000761,0.000148,0.000143
WingmanFlightTrail,74855,74855.000000,0.113475,0.000000,0.000144,0.000002,0.000000,0.013618,0.000000,0.000033,0.000000,0.000000
NS_WingmanBombardment_01,12746,12746.000000,0.112275,0.000000,0.000579,0.000009,0.000006,0.110346,0.000000,0.000579,0.000009,0.000006
Offscreen,787,787.000000,0.112033,0.000036,0.001360,0.000142,0.000129,0.112033,0.000036,0.001360,0.000142,0.000129
UpdateCoreCsvStats_BeginFrame,393,393.000000,0.111707,0.000056,0.000646,0.000284,0.000336,0.111707,0.000056,0.000646,0.000284,0.000336
Tick_Core,393,393.000000,0.110339,0.000164,0.001009,0.000281,0.000258,0.105496,0.000155,0.000987,0.000268,0.000248
Lights,787,787.000000,0.109546,0.000116,0.001339,0.000139,0.000128,0.000063,0.000000,0.000001,0.000000,0.000000
DirectLighting,787,787.000000,0.109483,0.000116,0.001338,0.000139,0.000128,0.005144,0.000005,0.000355,0.000007,0.000005
GPUSceneUpdate,1575,1575.000000,0.108043,0.000004,0.001432,0.000069,0.000004,0.010128,0.000002,0.000757,0.000006,0.000002
FStreamingManagerCollection::UpdateResourceStreaming,394,394.000000,0.106041,0.000038,0.001714,0.000269,0.000258,0.010944,0.000019,0.000167,0.000028,0.000025
MeshCardCapture,9032,9032.000000,0.103748,0.000000,0.001335,0.000011,0.000000,0.103748,0.000000,0.001335,0.000011,0.000000
GPUScene.UploadDynamicPrimitiveShaderDataForView,787,787.000000,0.097915,0.000022,0.001427,0.000124,0.000093,0.009066,0.000006,0.000734,0.000012,0.000006
GuLiCommander_SharedRouteWork,12592,12592.000000,0.097652,0.000000,0.000311,0.000008,0.000006,0.096214,0.000000,0.000311,0.000008,0.000006
RayTracingScene,787,787.000000,0.097537,0.000093,0.001215,0.000124,0.000116,0.097537,0.000093,0.001215,0.000124,0.000116
GuLiCommanderHealthBarRenderer,2762,2762.000000,0.096030,0.000003,0.000146,0.000035,0.000036,0.000749,0.000000,0.000001,0.000000,0.000000
FVirtualShadowMapArray::BuildPageAllocation,787,787.000000,0.092323,0.000090,0.001258,0.000117,0.000102,0.078606,0.000074,0.001244,0.000100,0.000086
FWaitingQueue_Unpark_SignalWaitingThread,35251,35251.000000,0.090748,0.000000,0.000075,0.000003,0.000002,0.090748,0.000000,0.000075,0.000003,0.000002
InstanceCulling,4724,4724.000000,0.090654,0.000004,0.001058,0.000019,0.000015,0.090654,0.000004,0.001058,0.000019,0.000015
UpdateDistanceFieldAtlas,1575,1575.000000,0.090374,0.000033,0.001119,0.000057,0.000055,0.090374,0.000033,0.001119,0.000057,0.000055
GuLiGroundMassContact_RefreshSnapshot,897,897.000000,0.089872,0.000086,0.000288,0.000100,0.000096,0.089872,0.000086,0.000288,0.000100,0.000096
NiagaraRenderRibbonsGenVerticesReductionPhase2GPU,30464,30464.000000,0.089499,0.000001,0.000252,0.000003,0.000004,0.089499,0.000001,0.000252,0.000003,0.000004
SK_Legs,3546,3546.000000,0.088038,0.000002,0.000689,0.000025,0.000016,0.005808,0.000000,0.000077,0.000002,0.000001
GPU,787,787.000000,0.087149,0.000013,0.001414,0.000111,0.000084,0.087149,0.000013,0.001414,0.000111,0.000084
FMassProcessingPhase::ExecuteTick EMassProcessingPhase::PrePhysics,1576,1576.000000,0.086713,0.000034,0.000278,0.000055,0.000049,0.026811,0.000003,0.000156,0.000017,0.000017
ServerSubmitPoseFrame,694,694.000000,0.085252,0.000000,0.000592,0.000123,0.000096,0.053524,0.000000,0.000285,0.000077,0.000086
GuLiMissileCluster_Upload,15279,15279.000000,0.082598,0.000003,0.000108,0.000005,0.000005,0.082598,0.000003,0.000108,0.000005,0.000005
TranslucencyVolumeLighting,787,787.000000,0.080396,0.000084,0.001148,0.000102,0.000095,0.080396,0.000084,0.001148,0.000102,0.000095
GuLiCommanderPlayerController,1957,1957.000000,0.080259,0.000002,0.000872,0.000041,0.000029,0.045766,0.000002,0.000831,0.000023,0.000011
FRenderAssetStreamingManager::IncrementalUpdate,394,394.000000,0.079556,0.000002,0.001622,0.000202,0.000182,0.001313,0.000002,0.000062,0.000003,0.000003
GuLiCommander_PredictiveAvoidanceBuildGrid,394,394.000000,0.079522,0.000167,0.000678,0.000202,0.000187,0.079522,0.000167,0.000678,0.000202,0.000187
NaniteBasePass,1575,1575.000000,0.079314,0.000017,0.001196,0.000050,0.000064,0.003393,0.000000,0.000611,0.000002,0.000000
FDynamicRenderAssetInstanceManager::IncrementalUpdate,337,337.000000,0.078243,0.000088,0.001619,0.000232,0.000196,0.012342,0.000014,0.000248,0.000037,0.000031
Nanite::BasePass,1575,1575.000000,0.075920,0.000016,0.001194,0.000048,0.000064,0.029695,0.000005,0.001120,0.000019,0.000016
Mesh,161160,161160.000000,0.074794,0.000000,0.000349,0.000000,0.000000,0.062192,0.000000,0.000349,0.000000,0.000000
USkeletalMeshComponent_CompleteParallelAnimationEvaluation,8274,8274.000000,0.074035,0.000002,0.000223,0.000009,0.000004,0.061671,0.000002,0.000222,0.000007,0.000004
PostRenderOpsFX,1575,1575.000000,0.072736,0.000000,0.001260,0.000046,0.000000,0.070585,0.000000,0.001257,0.000045,0.000000
Top_Turret_2x_Lvl1,33096,33096.000000,0.071031,0.000000,0.000254,0.000002,0.000000,0.021633,0.000000,0.000247,0.000001,0.000000
ABP_GroundMech_C,1182,1182.000000,0.071002,0.000040,0.000675,0.000060,0.000059,0.024396,0.000012,0.000094,0.000021,0.000018
WingmanCollision,87870,87870.000000,0.070382,0.000000,0.000071,0.000001,0.000000,0.037416,0.000000,0.000066,0.000000,0.000000
Bloom,788,788.000000,0.070294,0.000082,0.000651,0.000089,0.000088,0.070294,0.000082,0.000651,0.000089,0.000088
GuLiPose_Encode,11099,11099.000000,0.068601,0.000000,0.000397,0.000006,0.000005,0.068601,0.000000,0.000397,0.000006,0.000005
VisibilityCommands,702,702.000000,0.067235,0.000007,0.000806,0.000096,0.000104,0.000682,0.000000,0.000005,0.000001,0.000001
MassExecutor_RunParallel,2758,2758.000000,0.067179,0.000005,0.000268,0.000024,0.000021,0.011724,0.000001,0.000059,0.000004,0.000004
[TEDS] Compatibility Tick,394,394.000000,0.067088,0.000109,0.000892,0.000170,0.000141,0.004344,0.000002,0.000399,0.000011,0.000002
NiagaraGpuComputeDispatch,702,702.000000,0.066553,0.000007,0.000805,0.000095,0.000104,0.066553,0.000007,0.000805,0.000095,0.000104
UPrimitiveComponent::GetStreamingRenderAssetInfoWithNULLRemoval,13272,13272.000000,0.065901,0.000000,0.000234,0.000005,0.000003,0.065901,0.000000,0.000234,0.000005,0.000003
CopyCardsToSurfaceCache,787,787.000000,0.064934,0.000064,0.001220,0.000083,0.000064,0.064934,0.000064,0.001220,0.000083,0.000064
GuLiWarMachineHoverPreviewComponent,788,788.000000,0.064888,0.000050,0.000220,0.000082,0.000079,0.050153,0.000047,0.000216,0.000064,0.000061
ClientReceiveAttackCandidateResult,3465,3465.000000,0.064448,0.000000,0.000152,0.000019,0.000017,0.056744,0.000000,0.000152,0.000016,0.000015
CullTiles,787,787.000000,0.063496,0.000041,0.001234,0.000081,0.000053,0.063496,0.000041,0.001234,0.000081,0.000053
UnbatchedLights,787,787.000000,0.061809,0.000059,0.001273,0.000079,0.000072,0.000430,0.000000,0.000012,0.000001,0.000000
%s,10231,10231.000000,0.061379,0.000000,0.001072,0.000006,0.000000,0.034437,0.000000,0.001072,0.000003,0.000000
HZB,1575,1575.000000,0.060454,0.000000,0.001069,0.000038,0.000000,0.000068,0.000000,0.000002,0.000000,0.000000
BeginOcclusionTests,1575,1575.000000,0.060386,0.000000,0.001069,0.000038,0.000000,0.000071,0.000000,0.000002,0.000000,0.000000
BeginOcclusionTests,1575,1575.000000,0.060315,0.000000,0.001069,0.000038,0.000000,0.000088,0.000000,0.000002,0.000000,0.000000
ViewOcclusionTests,1575,1575.000000,0.060227,0.000000,0.001069,0.000038,0.000000,0.000101,0.000000,0.000002,0.000000,0.000000
BeginOcclusionTests,1575,1575.000000,0.060126,0.000000,0.001069,0.000038,0.000000,0.001582,0.000000,0.000005,0.000001,0.000001
GuLiTerritoryOutpostActor,15827,15827.000000,0.059130,0.000001,0.000316,0.000004,0.000005,0.025585,0.000000,0.000199,0.000002,0.000000
[TEDS] Process ObjectsNeedingSyncTags,394,394.000000,0.059057,0.000108,0.000416,0.000150,0.000136,0.057947,0.000105,0.000410,0.000147,0.000134
IndividualQueries,1575,1575.000000,0.056068,0.000000,0.001064,0.000036,0.000000,0.056068,0.000000,0.001064,0.000036,0.000000
Dispatch Processors,2758,2758.000000,0.055455,0.000004,0.000264,0.000020,0.000017,0.041517,0.000004,0.000261,0.000015,0.000009
GuLiPose_Decode,11099,11099.000000,0.055368,0.000001,0.000098,0.000005,0.000005,0.055368,0.000001,0.000098,0.000005,0.000005
GuLiCommanderHealthBars_UpdateInstances,1576,1576.000000,0.054720,0.000002,0.000146,0.000035,0.000037,0.053902,0.000002,0.000145,0.000034,0.000037
BuildHZB,3150,3150.000000,0.054626,0.000011,0.001423,0.000017,0.000011,0.054626,0.000011,0.001423,0.000017,0.000011
DrawDebugCanvas,786,786.000000,0.053994,0.000000,0.001322,0.000069,0.000000,0.020657,0.000000,0.000397,0.000026,0.000000
FRDGBuilder::SubmitBufferUploads,3939,3939.000000,0.053334,0.000000,0.000465,0.000014,0.000009,0.053334,0.000000,0.000465,0.000014,0.000009
GuLiPose_Capture,296,296.000000,0.052401,0.000139,0.000449,0.000177,0.000161,0.052401,0.000139,0.000449,0.000177,0.000161
GuLiCommander_PredictiveAvoidanceSolve,394,394.000000,0.051762,0.000052,0.000586,0.000131,0.000111,0.051762,0.000052,0.000586,0.000131,0.000111
ForEachObjectOfClass,10699,10699.000000,0.051478,0.000000,0.000286,0.000005,0.000003,0.009464,0.000000,0.000190,0.000001,0.000000
SM_Pioneer_VAT,2364,2364.000000,0.048434,0.000002,0.000096,0.000020,0.000022,0.028208,0.000000,0.000079,0.000012,0.000013
NaniteBasePass,1575,1575.000000,0.046719,0.000011,0.001070,0.000030,0.000022,0.002071,0.000000,0.000005,0.000001,0.000001
BlueprintUpdateAnimation,1182,1182.000000,0.046606,0.000028,0.000656,0.000039,0.000035,0.013278,0.000007,0.000150,0.000011,0.000010
ULandscapeSubsystem::Tick,1182,1182.000000,0.046455,0.000015,0.000345,0.000039,0.000022,0.031210,0.000013,0.000342,0.000026,0.000019
Nanite::ShadeBinning,1575,1575.000000,0.046225,0.000009,0.001170,0.000029,0.000033,0.046225,0.000009,0.001170,0.000029,0.000033
USceneComponent::UpdateOverlaps,335032,335032.000000,0.045594,0.000000,0.000296,0.000000,0.000000,0.015214,0.000000,0.000171,0.000000,0.000000
GuLiCommanderGameState,1011,1011.000000,0.045542,0.000000,0.000700,0.000045,0.000014,0.011633,0.000000,0.000308,0.000012,0.000006
FMassEditorPhaseTickTask,2364,2364.000000,0.045525,0.000001,0.000317,0.000019,0.000014,0.005326,0.000000,0.000236,0.000002,0.000003
VirtualShadowMapMarkPages,787,787.000000,0.044910,0.000045,0.001131,0.000057,0.000056,0.001715,0.000001,0.000004,0.000002,0.000002
UnitInstances_Type_1_Team,1576,1576.000000,0.044760,0.000019,0.000096,0.000028,0.000027,0.000410,0.000000,0.000009,0.000000,0.000000
Nanite::EmitDepthTargets,1575,1575.000000,0.044648,0.000011,0.001068,0.000028,0.000022,0.044648,0.000011,0.001068,0.000028,0.000022
NS_WM01MissileCluster_Lite,12732,12732.000000,0.044482,0.000000,0.000107,0.000003,0.000001,0.043215,0.000000,0.000107,0.000003,0.000001
GuLiProjectilePool_BuildGrid,1047,1047.000000,0.044023,0.000031,0.000470,0.000042,0.000039,0.044023,0.000031,0.000470,0.000042,0.000039
WingmanPresentation,74555,74555.000000,0.043688,0.000000,0.000070,0.000001,0.000001,0.014410,0.000000,0.000031,0.000000,0.000000
ShadowDepths,787,787.000000,0.043195,0.000044,0.001129,0.000055,0.000055,0.003101,0.000001,0.000341,0.000004,0.000001
CullingPasses,787,787.000000,0.042702,0.000048,0.000599,0.000054,0.000054,0.042702,0.000048,0.000599,0.000054,0.000054
BeginRenderingViewFamily,788,788.000000,0.042532,0.000018,0.000217,0.000054,0.000064,0.036314,0.000014,0.000202,0.000046,0.000054
VirtualShadowMapProjectionMaskBits,787,787.000000,0.042531,0.000043,0.001138,0.000054,0.000054,0.042531,0.000043,0.001138,0.000054,0.000054
ForEachObjectOfClasses_Implementation,10699,10699.000000,0.042013,0.000000,0.000272,0.000004,0.000003,0.042013,0.000000,0.000272,0.000004,0.000003
SceneColorMipVBlur,788,788.000000,0.041940,0.000048,0.001078,0.000053,0.000048,0.041940,0.000048,0.001078,0.000053,0.000048
GuLiCommanderHealthBars_MaintainActivity,1186,1186.000000,0.040560,0.000013,0.000114,0.000034,0.000034,0.040315,0.000013,0.000114,0.000034,0.000034
BuildRenderingCommandsDeferred(Culling=%s),2362,2362.000000,0.040425,0.000006,0.000793,0.000017,0.000014,0.040425,0.000006,0.000793,0.000017,0.000014
ComputeLightGrid,1575,1575.000000,0.040390,0.000020,0.001115,0.000026,0.000020,0.003753,0.000001,0.000352,0.000002,0.000001
FVirtualShadowMapArray::BeginMarkPages,787,787.000000,0.040094,0.000041,0.001122,0.000051,0.000041,0.040094,0.000041,0.001122,0.000051,0.000041
Submit,788,788.000000,0.040026,0.000036,0.000811,0.000051,0.000044,0.040026,0.000036,0.000811,0.000051,0.000044
MassDeferredCommand_Execute,1119,1119.000000,0.039915,0.000004,0.000453,0.000036,0.000031,0.008935,0.000000,0.000402,0.000008,0.000000
SceneColorDepthMipHBlur,788,788.000000,0.039708,0.000043,0.000835,0.000050,0.000043,0.039708,0.000043,0.000835,0.000050,0.000043
TranslucencyLightingVolume,787,787.000000,0.039430,0.000038,0.001194,0.000050,0.000038,0.002207,0.000001,0.000343,0.000003,0.000001
WingmanMesh,74555,74555.000000,0.039357,0.000000,0.000070,0.000001,0.000000,0.020091,0.000000,0.000069,0.000000,0.000000
Sync actor label to column,394,394.000000,0.039156,0.000001,0.003406,0.000099,0.000001,0.009564,0.000001,0.000806,0.000024,0.000001
Slate::Tick (Platform and Input),394,394.000000,0.039132,0.000034,0.000548,0.000099,0.000107,0.000280,0.000000,0.000011,0.000001,0.000001
Slate::TickPlatform,394,394.000000,0.038852,0.000034,0.000547,0.000099,0.000106,0.038852,0.000034,0.000547,0.000099,0.000106
WorldTick,1572,1572.000000,0.038512,0.000000,0.001044,0.000024,0.000011,0.038512,0.000000,0.001044,0.000024,0.000011
FMassProcessingPhase::ExecuteTick EMassProcessingPhase::FrameEnd,1576,1576.000000,0.038122,0.000001,0.000193,0.000024,0.000016,0.008682,0.000001,0.000024,0.000006,0.000005
SceneColorMipChain,788,788.000000,0.037087,0.000041,0.001100,0.000047,0.000041,0.037087,0.000041,0.001100,0.000047,0.000041
CullLights,1575,1575.000000,0.036636,0.000018,0.000763,0.000023,0.000018,0.036636,0.000018,0.000763,0.000023,0.000018
GuLiBiZhiMaoReviewActor,1182,1182.000000,0.036369,0.000016,0.000204,0.000031,0.000031,0.034536,0.000015,0.000202,0.000029,0.000030
NS_WM01MissileCluster_Minimal,11256,11256.000000,0.035936,0.000000,0.000081,0.000003,0.000002,0.034681,0.000000,0.000079,0.000003,0.000002
Machinegun,4728,4728.000000,0.035799,0.000001,0.000183,0.000008,0.000005,0.003353,0.000000,0.000066,0.000001,0.000000
GuLiConstructionVehiclePawn,27116,27116.000000,0.035732,0.000000,0.000293,0.000001,0.000000,0.014930,0.000000,0.000288,0.000001,0.000000
Nanite::Streaming,393,393.000000,0.034886,0.000063,0.000788,0.000089,0.000077,0.000376,0.000001,0.000004,0.000001,0.000001
ParallelFor,1241,1241.000000,0.034590,0.000001,0.000155,0.000028,0.000026,0.007658,0.000000,0.000031,0.000006,0.000006
Nanite::Readback,393,393.000000,0.034510,0.000061,0.000787,0.000088,0.000076,0.034510,0.000061,0.000787,0.000088,0.000076
HZB,1575,1575.000000,0.034480,0.000013,0.001287,0.000022,0.000013,0.002016,0.000000,0.000003,0.000001,0.000001
NS_MiningLaser_Optimized_GPU_All_ThreeTier,16372,16372.000000,0.033976,0.000000,0.000195,0.000002,0.000000,0.030996,0.000000,0.000193,0.000002,0.000000
GuLiCommanderPresentation_InstanceSubmit,788,788.000000,0.033749,0.000032,0.000297,0.000043,0.000040,0.016042,0.000014,0.000047,0.000020,0.000020
Slate::AddShapedTextElement,1179,1179.000000,0.033560,0.000003,0.000232,0.000028,0.000017,0.033560,0.000003,0.000232,0.000028,0.000017
CanvasFlush,786,786.000000,0.033338,0.000000,0.001322,0.000042,0.000000,0.033338,0.000000,0.001322,0.000042,0.000000
ExecuteUbergraph_ABP_GroundMech,1182,1182.000000,0.033328,0.000021,0.000554,0.000028,0.000026,0.004749,0.000003,0.000078,0.000004,0.000003
ServerSubmitAttackCandidate,460,460.000000,0.032678,0.000000,0.000531,0.000071,0.000027,0.026346,0.000000,0.000480,0.000057,0.000024
Integrate,787,787.000000,0.032677,0.000034,0.001240,0.000042,0.000034,0.032677,0.000034,0.001240,0.000042,0.000034
BuildHZB,1575,1575.000000,0.032465,0.000012,0.001285,0.000021,0.000012,0.005525,0.000001,0.001266,0.000004,0.000001
SK_Machinegun,3546,3546.000000,0.032445,0.000002,0.000182,0.000009,0.000005,0.006572,0.000000,0.000083,0.000002,0.000001
GuLiMiningVehiclePawn,11369,11369.000000,0.032413,0.000000,0.000100,0.000003,0.000001,0.016947,0.000000,0.000082,0.000001,0.000001
BuildCardUpdateContext,787,787.000000,0.031983,0.000033,0.000356,0.000041,0.000039,0.031983,0.000033,0.000356,0.000041,0.000039
StochasticLighting,1575,1575.000000,0.031773,0.000009,0.001247,0.000020,0.000022,0.031773,0.000009,0.001247,0.000020,0.000022
NS_WingmanLaserPool,3152,3152.000000,0.031572,0.000000,0.000191,0.000010,0.000008,0.028422,0.000000,0.000191,0.000009,0.000008
BuildPreviousOccluderHZB,1575,1575.000000,0.031550,0.000015,0.001425,0.000020,0.000015,0.003864,0.000001,0.000344,0.000002,0.000001
GPUSkinCache_UpdateSkinningBatches,2363,2363.000000,0.031522,0.000000,0.000387,0.000013,0.000000,0.013205,0.000000,0.000357,0.000006,0.000000
Flush Deferred Commands Parallel,2758,2758.000000,0.030636,0.000000,0.000584,0.000011,0.000006,0.015217,0.000000,0.000295,0.000006,0.000003
UpdateAllPrimitiveSceneInfos,2363,2363.000000,0.030502,0.000003,0.000567,0.000013,0.000014,0.009908,0.000000,0.000031,0.000004,0.000005
SK_Blue_AirBase,1970,1970.000000,0.030454,0.000001,0.000104,0.000015,0.000008,0.007300,0.000000,0.000024,0.000004,0.000001
Lights,787,787.000000,0.030312,0.000010,0.000095,0.000039,0.000019,0.030312,0.000010,0.000095,0.000039,0.000019
NS_ConstructionLaser_Optimized_GPU_All_ThreeTier,25828,25828.000000,0.029930,0.000000,0.000142,0.000001,0.000000,0.027889,0.000000,0.000142,0.000001,0.000000
ClientReceiveStateBatch,1329,1329.000000,0.029650,0.000000,0.000243,0.000022,0.000015,0.016500,0.000000,0.000242,0.000012,0.000012
FPackageName::DoesPackageExistEx,1750,1750.000000,0.029592,0.000013,0.000112,0.000017,0.000015,0.029592,0.000013,0.000112,0.000017,0.000015
MemberBehaviorStateTree,3764,3764.000000,0.028941,0.000002,0.000145,0.000008,0.000004,0.028941,0.000002,0.000145,0.000008,0.000004
Nanite::VisBuffer,1575,1575.000000,0.028657,0.000016,0.000347,0.000018,0.000016,0.001291,0.000000,0.000003,0.000001,0.000001
MassObserver_OnCompositionChanged_Entity,52270,52270.000000,0.028600,0.000000,0.000141,0.000001,0.000000,0.002441,0.000000,0.000004,0.000000,0.000000
GuLiCommanderLODEvaluate,494043,494043.000000,0.028141,0.000000,0.000052,0.000000,0.000000,0.028141,0.000000,0.000052,0.000000,0.000000
Nanite::InitContext,1575,1575.000000,0.027366,0.000015,0.000346,0.000017,0.000015,0.027366,0.000015,0.000346,0.000017,0.000015
AnimSingleNodeInstance,5911,5911.000000,0.027268,0.000001,0.000071,0.000005,0.000002,0.027268,0.000001,0.000071,0.000005,0.000002
ShadowProjectionOnOpaque,787,787.000000,0.026942,0.000030,0.000720,0.000034,0.000030,0.026942,0.000030,0.000720,0.000034,0.000030
BuildPreviousOccluderHZB,787,787.000000,0.026934,0.000017,0.001108,0.000034,0.000028,0.026934,0.000017,0.001108,0.000034,0.000028
GuLiPose_Ack,1190,1190.000000,0.026820,0.000002,0.000110,0.000023,0.000023,0.004269,0.000000,0.000036,0.000004,0.000004
EditorPrimitives,1575,1575.000000,0.026757,0.000000,0.000520,0.000017,0.000000,0.026757,0.000000,0.000520,0.000017,0.000000
Light,787,787.000000,0.026567,0.000026,0.001064,0.000034,0.000026,0.026567,0.000026,0.001064,0.000034,0.000026
MassObserver_OnCompositionChanged,52768,52768.000000,0.026259,0.000000,0.000141,0.000000,0.000000,0.008548,0.000000,0.000127,0.000000,0.000000
UPlayerInput::ProcessInputStack,788,788.000000,0.026221,0.000027,0.000125,0.000033,0.000032,0.001728,0.000001,0.000007,0.000002,0.000002
ServerAcknowledgePoseBlocks,1785,1785.000000,0.026161,0.000000,0.000104,0.000015,0.000017,0.013334,0.000000,0.000103,0.000007,0.000001
OutpostVisual,4728,4728.000000,0.025768,0.000000,0.000296,0.000005,0.000003,0.024501,0.000000,0.000296,0.000005,0.000003
UpdateDistanceFieldObjectBuffers,787,787.000000,0.025274,0.000021,0.000530,0.000032,0.000027,0.025274,0.000021,0.000530,0.000032,0.000027
OnPreEntityDestroyed,14118,14118.000000,0.025127,0.000000,0.000141,0.000002,0.000001,0.000655,0.000000,0.000092,0.000000,0.000000
ShipWorldHUD,394,394.000000,0.025061,0.000049,0.000197,0.000064,0.000061,0.024015,0.000046,0.000194,0.000061,0.000058
FilterTranslucentVolume,787,787.000000,0.024889,0.000022,0.001178,0.000032,0.000022,0.024889,0.000022,0.001178,0.000032,0.000022
GuLiCommanderPresentation_MassBatchExecute,652,652.000000,0.024867,0.000004,0.000095,0.000038,0.000037,0.024867,0.000004,0.000095,0.000038,0.000037
ServerUpdateCamera,2364,2364.000000,0.024242,0.000000,0.000055,0.000010,0.000010,0.019659,0.000000,0.000055,0.000008,0.000004
FXSystem,1576,1576.000000,0.023926,0.000008,0.000176,0.000015,0.000015,0.015990,0.000006,0.000169,0.000010,0.000009
Tick_SlateInput,394,394.000000,0.023924,0.000042,0.000166,0.000061,0.000058,0.000098,0.000000,0.000001,0.000000,0.000000
PR_Mining_Opaque__Actor,788,788.000000,0.022952,0.000001,0.000761,0.000029,0.000031,0.021296,0.000001,0.000569,0.000027,0.000029
TAA,788,788.000000,0.022034,0.000022,0.000542,0.000028,0.000027,0.022034,0.000022,0.000542,0.000028,0.000027
FinishedInputThisFrame,394,394.000000,0.021880,0.000038,0.000157,0.000056,0.000053,0.021880,0.000038,0.000157,0.000056,0.000053
UpdateFlightLean,1182,1182.000000,0.021789,0.000013,0.000512,0.000018,0.000018,0.012632,0.000008,0.000110,0.000011,0.000010
Cockpit_Freight_Spoiler,22064,22064.000000,0.021788,0.000000,0.000067,0.000001,0.000001,0.009968,0.000000,0.000067,0.000000,0.000000
CollectorPivot_L,22064,22064.000000,0.021334,0.000000,0.000022,0.000001,0.000001,0.008672,0.000000,0.000013,0.000000,0.000000
EnhPIS_Main,788,788.000000,0.021271,0.000022,0.000119,0.000027,0.000026,0.000511,0.000000,0.000010,0.000001,0.000001
GuLiCommanderPresentation_MassBatchSubmit,652,652.000000,0.021251,0.000004,0.000094,0.000033,0.000032,0.021251,0.000004,0.000094,0.000033,0.000032
FAudioDevic_Update,1182,1182.000000,0.021108,0.000006,0.000196,0.000018,0.000008,0.004457,0.000001,0.000188,0.000004,0.000001
UActorComponent::CreatePhysicsState,5307,5307.000000,0.021090,0.000000,0.000065,0.000004,0.000000,0.008285,0.000000,0.000040,0.000002,0.000000
Chaos.PF,1173,1173.000000,0.020975,0.000001,0.000118,0.000018,0.000017,0.020975,0.000001,0.000118,0.000018,0.000017
GuLiCommanderPresentation_MassPositionSample,594,594.000000,0.020775,0.000027,0.000094,0.000035,0.000033,0.000053,0.000000,0.000001,0.000000,0.000000
UPlayerInput::EvaluateInputDelegates,788,788.000000,0.020760,0.000021,0.000118,0.000026,0.000025,0.012510,0.000012,0.000085,0.000016,0.000015
GuLiCommander_RecoveryFindPath,1065,1065.000000,0.020316,0.000002,0.001305,0.000019,0.000002,0.020316,0.000002,0.001305,0.000019,0.000002
GuLiCommanderLODViews,788,788.000000,0.020266,0.000016,0.000087,0.000026,0.000025,0.020266,0.000016,0.000087,0.000026,0.000025
NiagaraRenderRibbonsGenVerticesFinalSortGPU,30464,30464.000000,0.019675,0.000000,0.000002,0.000001,0.000001,0.019675,0.000000,0.000002,0.000001,0.000001
NS_MachineGunImpact_AllOptimizations,4856,4856.000000,0.019350,0.000000,0.000068,0.000004,0.000002,0.018282,0.000000,0.000065,0.000004,0.000003
NiagaraComponent0,1600,1600.000000,0.019088,0.000001,0.000081,0.000012,0.000007,0.000381,0.000000,0.000008,0.000000,0.000000
NS_MachineGunMuzzle_PressurePreview,4858,4858.000000,0.018980,0.000000,0.000136,0.000004,0.000003,0.017928,0.000000,0.000136,0.000004,0.000003
UInstancedStaticMeshComponent::BatchUpdateInstancesTransforms,52913,52913.000000,0.018753,0.000000,0.000257,0.000000,0.000000,0.018623,0.000000,0.000257,0.000000,0.000000
MassObserver_HandleElementsImpl,14177,14177.000000,0.018710,0.000000,0.000138,0.000001,0.000000,0.001911,0.000000,0.000014,0.000000,0.000000
TextureDownsampleChain,1576,1576.000000,0.018570,0.000009,0.000836,0.000012,0.000009,0.018570,0.000009,0.000836,0.000012,0.000009
Set ActorComponent Hierarchy,394,394.000000,0.018548,0.000024,0.000204,0.000047,0.000043,0.018548,0.000024,0.000204,0.000047,0.000043
SkinCacheDispatch,35818,35818.000000,0.018317,0.000000,0.000026,0.000001,0.000000,0.018317,0.000000,0.000026,0.000001,0.000000
CollectorPivot_R,22064,22064.000000,0.018270,0.000000,0.000034,0.000001,0.000001,0.007697,0.000000,0.000033,0.000000,0.000000
Accumulate,788,788.000000,0.018043,0.000013,0.000285,0.000023,0.000016,0.018043,0.000013,0.000285,0.000023,0.000016
PR_Construction_Opaque__Actor,788,788.000000,0.017443,0.000000,0.000514,0.000022,0.000021,0.016020,0.000000,0.000363,0.000020,0.000022
UInstancedStaticMeshComponent::CalcBoundsImpl,6304,6304.000000,0.016891,0.000000,0.000023,0.000003,0.000001,0.016891,0.000000,0.000023,0.000003,0.000001
PatchSplit,4724,4724.000000,0.016225,0.000002,0.000334,0.000003,0.000002,0.016225,0.000002,0.000334,0.000003,0.000002
SGameLayerManager [PlayLevel.cpp(3369)],787,787.000000,0.015854,0.000008,0.000094,0.000020,0.000021,0.015854,0.000008,0.000094,0.000020,0.000021
Weapon_Rocket_Mount_Lvl2,44128,44128.000000,0.015773,0.000000,0.000055,0.000000,0.000001,0.015768,0.000000,0.000055,0.000000,0.000001
FLandscapeGrassMapsBuilder::UpdateTrackedComponents,1182,1182.000000,0.015245,0.000002,0.000096,0.000013,0.000003,0.004890,0.000002,0.000071,0.000004,0.000003
GuLiCommanderRoster_ApplyDelta,688,688.000000,0.014988,0.000001,0.000103,0.000022,0.000019,0.014987,0.000001,0.000103,0.000022,0.000019
StaticMeshComponent,1750,1750.000000,0.014422,0.000002,0.000118,0.000008,0.000007,0.014422,0.000002,0.000118,0.000008,0.000007
Slate::AddBoxElements,1179,1179.000000,0.014317,0.000001,0.000150,0.000012,0.000006,0.014317,0.000001,0.000150,0.000012,0.000006
FCoreDelegates::OnEndFrame,393,393.000000,0.014208,0.000025,0.000170,0.000036,0.000033,0.013607,0.000023,0.000168,0.000035,0.000032
UStaticMesh::GetUsedMaterials,14496,14496.000000,0.014174,0.000000,0.000066,0.000001,0.000001,0.014174,0.000000,0.000066,0.000001,0.000001
FRenderCommandPipe_StopRecording,3543,3543.000000,0.014121,0.000001,0.000185,0.000004,0.000003,0.014121,0.000001,0.000185,0.000004,0.000003
DeletePendingCleanupObjects,393,393.000000,0.013994,0.000011,0.000133,0.000036,0.000030,0.013994,0.000011,0.000133,0.000036,0.000030
Lifecycle,17650,17650.000000,0.013905,0.000000,0.000271,0.000001,0.000000,0.013905,0.000000,0.000271,0.000001,0.000000
GPUSceneUpdate,1244,1244.000000,0.013891,0.000003,0.000559,0.000011,0.000009,0.001478,0.000000,0.000007,0.000001,0.000001
LoadObject,9142,9142.000000,0.013844,0.000001,0.000094,0.000002,0.000001,0.001140,0.000000,0.000005,0.000000,0.000000
InitializePhysicalPages,787,787.000000,0.013717,0.000013,0.000399,0.000017,0.000013,0.013717,0.000013,0.000399,0.000017,0.000013
SphereComponent,1750,1750.000000,0.013413,0.000004,0.000113,0.000008,0.000006,0.013413,0.000004,0.000113,0.000008,0.000006
GuLiPlacedBuilding,529,529.000000,0.013158,0.000003,0.000131,0.000025,0.000011,0.008457,0.000001,0.000099,0.000016,0.000005
StaticLoadObjectInternal,9142,9142.000000,0.012704,0.000001,0.000094,0.000001,0.000001,0.012704,0.000001,0.000094,0.000001,0.000001
ABP_GroundMech_Machinegun_C,1182,1182.000000,0.012460,0.000004,0.000146,0.000011,0.000008,0.012460,0.000004,0.000146,0.000011,0.000008
GPUScene.Update,1244,1244.000000,0.012412,0.000001,0.000558,0.000010,0.000007,0.009135,0.000001,0.000556,0.000007,0.000007
InjectTranslucencyLightingVolume,787,787.000000,0.012334,0.000014,0.000025,0.000016,0.000015,0.012334,0.000014,0.000025,0.000016,0.000015
UpdateStreamingRenderAssets,281,281.000000,0.012251,0.000033,0.000100,0.000044,0.000043,0.012251,0.000033,0.000100,0.000044,0.000043
GuLiGroundMechCharacter,328,328.000000,0.012162,0.000008,0.000218,0.000037,0.000038,0.003837,0.000002,0.000050,0.000012,0.000008
UpperBodyPivot,2364,2364.000000,0.012013,0.000000,0.000140,0.000005,0.000005,0.002853,0.000000,0.000024,0.000001,0.000001
GuLiSceneUI_SourceSnapshot,373,373.000000,0.011949,0.000024,0.000113,0.000032,0.000029,0.011949,0.000024,0.000113,0.000032,0.000029
Cockpit_Freight_Wide,11032,11032.000000,0.011819,0.000000,0.000014,0.000001,0.000001,0.011814,0.000000,0.000014,0.000001,0.000001
WBP_ShipWorldStatus_C /Engine/Transient.UnrealEdEngine_0:GameInstance_11.WBP_ShipWorldStatus_C_0_Paint,393,393.000000,0.011685,0.000020,0.000139,0.000030,0.000027,0.000780,0.000001,0.000005,0.000002,0.000002
CombatHealth,13085,13085.000000,0.011416,0.000000,0.000128,0.000001,0.000000,0.011416,0.000000,0.000128,0.000001,0.000000
Armor,2364,2364.000000,0.011138,0.000001,0.000141,0.000005,0.000005,0.004255,0.000000,0.000064,0.000002,0.000001
Weapon_Rocket_Mount_Lvl3,22064,22064.000000,0.011090,0.000000,0.000034,0.000001,0.000001,0.006824,0.000000,0.000034,0.000000,0.000000
UpdateLumenSceneBuffers,787,787.000000,0.010893,0.000007,0.000487,0.000014,0.000012,0.010893,0.000007,0.000487,0.000014,0.000012
Capture,15827,15827.000000,0.010745,0.000000,0.000062,0.000001,0.000001,0.010745,0.000000,0.000062,0.000001,0.000001
Travel,24301,24301.000000,0.010732,0.000000,0.000097,0.000000,0.000000,0.010732,0.000000,0.000097,0.000000,0.000000
LocalExposure,788,788.000000,0.010630,0.000011,0.000368,0.000013,0.000015,0.010630,0.000011,0.000368,0.000013,0.000015
Facilities,15827,15827.000000,0.010470,0.000000,0.000091,0.000001,0.000001,0.010470,0.000000,0.000091,0.000001,0.000001
LaserMuzzle_L,22064,22064.000000,0.010305,0.000000,0.000020,0.000000,0.000000,0.006055,0.000000,0.000018,0.000000,0.000000
BP_GroundMech_Light_C,1182,1182.000000,0.010248,0.000004,0.000057,0.000009,0.000008,0.010248,0.000004,0.000057,0.000009,0.000008
FXAA,788,788.000000,0.010129,0.000011,0.000339,0.000013,0.000011,0.010129,0.000011,0.000339,0.000013,0.000011
ComputeGrassMapGenerationHash,9185,9185.000000,0.010126,0.000000,0.000043,0.000001,0.000001,0.010126,0.000000,0.000043,0.000001,0.000001
SM_TeslaCollector_Styled,22064,22064.000000,0.010041,0.000000,0.000014,0.000000,0.000000,0.010038,0.000000,0.000014,0.000000,0.000000
RocketJump,1510,1510.000000,0.010040,0.000000,0.000074,0.000007,0.000006,0.010040,0.000000,0.000074,0.000007,0.000006
LocalExposure,788,788.000000,0.010031,0.000010,0.001056,0.000013,0.000010,0.010031,0.000010,0.001056,0.000013,0.000010
MiningPresentation,19200,19200.000000,0.009997,0.000000,0.000031,0.000001,0.000001,0.009997,0.000000,0.000031,0.000001,0.000001
GuLiPose_Confirm,595,595.000000,0.009871,0.000002,0.000082,0.000017,0.000019,0.009871,0.000002,0.000082,0.000017,0.000019
FMassProcessingPhase::ExecuteTick EMassProcessingPhase::PostPhysics,1576,1576.000000,0.009849,0.000002,0.000105,0.000006,0.000004,0.004598,0.000001,0.000090,0.000003,0.000003
Histogram,788,788.000000,0.009780,0.000011,0.000015,0.000012,0.000012,0.009780,0.000011,0.000015,0.000012,0.000012
ReviewEffect,1799,1799.000000,0.009702,0.000000,0.000136,0.000005,0.000004,0.001442,0.000000,0.000022,0.000001,0.000000
CameraComponent,34278,34278.000000,0.009576,0.000000,0.000080,0.000000,0.000000,0.009576,0.000000,0.000080,0.000000,0.000000
Side_Winglet_Spike_Lvl3,22064,22064.000000,0.009408,0.000000,0.000040,0.000000,0.000000,0.005634,0.000000,0.000020,0.000000,0.000000
Render_UpdateFrame,393,393.000000,0.009376,0.000014,0.000226,0.000024,0.000021,0.006841,0.000011,0.000092,0.000017,0.000016
UpdateSpeedTreeWind,1576,1576.000000,0.009292,0.000001,0.000106,0.000006,0.000006,0.009292,0.000001,0.000106,0.000006,0.000006
Collector_L,22064,22064.000000,0.009249,0.000000,0.000014,0.000000,0.000000,0.004064,0.000000,0.000012,0.000000,0.000000
CameraBoom,1182,1182.000000,0.009063,0.000001,0.000185,0.000008,0.000007,0.004180,0.000000,0.000137,0.000004,0.000003
ClientMoveResponsePacked,822,822.000000,0.008999,0.000000,0.000116,0.000011,0.000005,0.007609,0.000000,0.000115,0.000009,0.000005
NiagaraUpdateDrawIndirectBuffers,1286,1286.000000,0.008943,0.000003,0.000023,0.000007,0.000008,0.008943,0.000003,0.000023,0.000007,0.000008
FEditorViewportClient_Tick,394,394.000000,0.008926,0.000019,0.000039,0.000023,0.000022,0.008926,0.000019,0.000039,0.000023,0.000022
GuLiResourceFactoryActor,6022,6022.000000,0.008908,0.000000,0.000066,0.000001,0.000001,0.007129,0.000000,0.000014,0.000001,0.000001
MiningLaser_L,22064,22064.000000,0.008869,0.000000,0.000019,0.000000,0.000000,0.006088,0.000000,0.000017,0.000000,0.000000
SceneCulling_ComputeExplicitChunkBounds,1181,1181.000000,0.008700,0.000006,0.000012,0.000007,0.000007,0.008700,0.000006,0.000012,0.000007,0.000007
FEngineLoop_UpdateTimeAndHandleMaxTickRate,394,394.000000,0.008598,0.000014,0.000196,0.000022,0.000021,0.008598,0.000014,0.000196,0.000022,0.000021
Collector_R,22064,22064.000000,0.008500,0.000000,0.000020,0.000000,0.000000,0.003644,0.000000,0.000016,0.000000,0.000000
CopySceneColorDepth,788,788.000000,0.008489,0.000008,0.000547,0.000011,0.000008,0.008489,0.000008,0.000547,0.000011,0.000008
LaserMuzzle_R,22064,22064.000000,0.008429,0.000000,0.000024,0.000000,0.000000,0.005492,0.000000,0.000024,0.000000,0.000000
FMassProcessingPhase::ExecuteTick EMassProcessingPhase::DuringPhysics,1576,1576.000000,0.008376,0.000000,0.000113,0.000005,0.000000,0.001150,0.000000,0.000113,0.000001,0.000000
CreatePhysicsShapesAndActors,1750,1750.000000,0.008095,0.000003,0.000049,0.000005,0.000004,0.005469,0.000002,0.000047,0.000003,0.000003
GuLiPose_Wire,22198,22198.000000,0.008038,0.000000,0.000037,0.000000,0.000000,0.008038,0.000000,0.000037,0.000000,0.000000
GuLiCommanderPresentation_StateChanges,373,373.000000,0.007883,0.000001,0.000076,0.000021,0.000020,0.006875,0.000001,0.000061,0.000018,0.000018
Camera,7092,7092.000000,0.007839,0.000000,0.000179,0.000001,0.000000,0.004363,0.000000,0.000030,0.000001,0.000000
Sync actorcomponent label to column,394,394.000000,0.007810,0.000013,0.000152,0.000020,0.000015,0.007810,0.000013,0.000152,0.000020,0.000015
ShieldSupply,769,769.000000,0.007731,0.000000,0.000103,0.000010,0.000002,0.006418,0.000000,0.000098,0.000008,0.000002
Register ActorComponent Ownership,394,394.000000,0.007718,0.000001,0.000297,0.000020,0.000003,0.007718,0.000001,0.000297,0.000020,0.000003
PR_Flash_Source__Actor,788,788.000000,0.007646,0.000000,0.000572,0.000010,0.000000,0.005434,0.000000,0.000420,0.000007,0.000000
SM_Wingman_Mass,19700,19700.000000,0.007637,0.000000,0.000065,0.000000,0.000000,0.007637,0.000000,0.000065,0.000000,0.000000
OnRep_HealthState,106,106.000000,0.007610,0.000021,0.000164,0.000072,0.000071,0.000769,0.000001,0.000015,0.000007,0.000007
GuLiMuzzles_Publish,788,788.000000,0.007395,0.000007,0.000037,0.000009,0.000009,0.007395,0.000007,0.000037,0.000009,0.000009
BuildRenderingCommands(Culling=%s),787,787.000000,0.007334,0.000007,0.000316,0.000009,0.000010,0.007334,0.000007,0.000316,0.000009,0.000010
Sphere,48125,48125.000000,0.007257,0.000000,0.000052,0.000000,0.000000,0.007257,0.000000,0.000052,0.000000,0.000000
PR_Flash_Impact__Actor,788,788.000000,0.007206,0.000000,0.000729,0.000009,0.000000,0.004991,0.000000,0.000483,0.000006,0.000000
ServerAcknowledgeFacts,1183,1183.000000,0.007118,0.000000,0.000080,0.000006,0.000005,0.005735,0.000000,0.000079,0.000005,0.000001
DoEntityCompaction,1182,1182.000000,0.007111,0.000004,0.000040,0.000006,0.000005,0.007111,0.000004,0.000040,0.000006,0.000005
CaptureSceneComponent_View[,788,788.000000,0.006955,0.000007,0.000216,0.000009,0.000009,0.006955,0.000007,0.000216,0.000009,0.000009
EnhPIS_Devices,15760,15760.000000,0.006952,0.000000,0.000091,0.000000,0.000000,0.006952,0.000000,0.000091,0.000000,0.000000
ExternalControl,10905,10905.000000,0.006728,0.000000,0.000047,0.000001,0.000001,0.006728,0.000000,0.000047,0.000001,0.000001
FCoreDelegates::OnBeginFrame,394,394.000000,0.006712,0.000007,0.002324,0.000017,0.000007,0.006712,0.000007,0.002324,0.000017,0.000007
HandleHealth,106,106.000000,0.006705,0.000017,0.000151,0.000063,0.000063,0.004768,0.000017,0.000116,0.000045,0.000043
MiningLaser_R,22064,22064.000000,0.006690,0.000000,0.000016,0.000000,0.000000,0.004339,0.000000,0.000010,0.000000,0.000000
ProjectileMovementComponent,1750,1750.000000,0.006506,0.000001,0.000073,0.000004,0.000003,0.006506,0.000001,0.000073,0.000004,0.000003
FImgMediaSceneViewExtension::BeginRenderViewFamily,1574,1574.000000,0.006385,0.000001,0.000056,0.000004,0.000004,0.006385,0.000001,0.000056,0.000004,0.000004
UChaosDebugDrawSubsystem::StaticOnWorldTickEnd,1182,1182.000000,0.006380,0.000003,0.000092,0.000005,0.000005,0.006380,0.000003,0.000092,0.000005,0.000005
GameplayTasksComponent,10905,10905.000000,0.006300,0.000000,0.000059,0.000001,0.000001,0.006300,0.000000,0.000059,0.000001,0.000001
GroundMechAbilitySystem,328,328.000000,0.006011,0.000004,0.000137,0.000018,0.000021,0.006011,0.000004,0.000137,0.000018,0.000021
[TEDS] Tick time sliced tasks,394,394.000000,0.005947,0.000003,0.000384,0.000015,0.000003,0.001013,0.000002,0.000020,0.000003,0.000002
%s,788,788.000000,0.005889,0.000006,0.000011,0.000007,0.000007,0.005889,0.000006,0.000011,0.000007,0.000007
ExponentialHeightFog,787,787.000000,0.005879,0.000005,0.000010,0.000007,0.000007,0.005879,0.000005,0.000010,0.000007,0.000007
GuLiStrikeShip,357,357.000000,0.005706,0.000003,0.000115,0.000016,0.000012,0.004189,0.000002,0.000107,0.000012,0.000007
FEngineLoop_PumpMessages,394,394.000000,0.005690,0.000008,0.000036,0.000014,0.000013,0.000825,0.000001,0.000011,0.000002,0.000002
GPU KeyGen & Sort,64,64.000000,0.005663,0.000044,0.001097,0.000088,0.000076,0.000109,0.000000,0.000004,0.000002,0.000002
FVirtualShadowMapArray::MergeStaticPhysicalPages,787,787.000000,0.005579,0.000006,0.000332,0.000007,0.000006,0.005579,0.000006,0.000332,0.000007,0.000006
GPUSortBatch,64,64.000000,0.005554,0.000042,0.001097,0.000087,0.000074,0.000148,0.000000,0.000004,0.000002,0.000003
Spring Arm,1182,1182.000000,0.005532,0.000002,0.000032,0.000005,0.000004,0.003463,0.000001,0.000031,0.000003,0.000002
ReviewVertexVAT,1182,1182.000000,0.005459,0.000001,0.000068,0.000005,0.000003,0.000484,0.000000,0.000007,0.000000,0.000000
Remove parent reference from children of destroyed parent,1750,1750.000000,0.005396,0.000002,0.000138,0.000003,0.000003,0.005396,0.000002,0.000138,0.000003,0.000003
SPIEViewport [PlayLevel.cpp(3383)],787,787.000000,0.005348,0.000004,0.000024,0.000007,0.000006,0.005348,0.000004,0.000024,0.000007,0.000006
Mass_BatchChangeTagsForEntities,498,498.000000,0.005233,0.000003,0.000032,0.000011,0.000011,0.005071,0.000002,0.000032,0.000010,0.000010
Weapon,1510,1510.000000,0.005232,0.000000,0.000038,0.000003,0.000004,0.005232,0.000000,0.000038,0.000003,0.000004
ProcessAsyncLoading,394,394.000000,0.005223,0.000009,0.000084,0.000013,0.000013,0.004947,0.000008,0.000083,0.000013,0.000011
FMaterialBakingModule::OnObjectModified,16922,16922.000000,0.005033,0.000000,0.000020,0.000000,0.000000,0.005033,0.000000,0.000020,0.000000,0.000000
GuLiMiningVehicleAIController,6304,6304.000000,0.004976,0.000000,0.000053,0.000001,0.000001,0.004976,0.000000,0.000053,0.000001,0.000001
SM_BiZhiMao_VAT,1182,1182.000000,0.004975,0.000001,0.000067,0.000004,0.000003,0.004504,0.000001,0.000067,0.000004,0.000003
UWorldPartitionHLODEditorSubsystem::Tick,394,394.000000,0.004960,0.000009,0.000046,0.000013,0.000012,0.004960,0.000009,0.000046,0.000013,0.000012
UActorComponent::DestroyPhysicsState,5309,5309.000000,0.004893,0.000000,0.000271,0.000001,0.000000,0.004893,0.000000,0.000271,0.000001,0.000000
FChaosScene::AddActorsToScene_AssumesLocked,1750,1750.000000,0.004618,0.000002,0.000042,0.000003,0.000002,0.004618,0.000002,0.000042,0.000003,0.000002
[TEDS] Tick time sliced tasks: 'Mapping Table GC',394,394.000000,0.004354,0.000000,0.000379,0.000011,0.000000,0.000125,0.000000,0.000001,0.000000,0.000000
FAudioDevice_UpdateHardware,1182,1182.000000,0.004353,0.000001,0.000114,0.000004,0.000002,0.004040,0.000001,0.000113,0.000003,0.000002
UStaticMeshComponent::OnRegister,1750,1750.000000,0.004321,0.000001,0.000177,0.000002,0.000001,0.001299,0.000000,0.000089,0.000001,0.000000
GuLiWingmanFlight_Publish,788,788.000000,0.004291,0.000003,0.000064,0.000005,0.000005,0.004268,0.000003,0.000063,0.000005,0.000005
FAudioDevice_UpdateSources,1182,1182.000000,0.004257,0.000002,0.000079,0.000004,0.000002,0.003793,0.000002,0.000079,0.000003,0.000002
[TEDS] Mapping clean up,394,394.000000,0.004230,0.000000,0.000379,0.000011,0.000000,0.000140,0.000000,0.000005,0.000000,0.000000
InstancedStaticMeshComponent,788,788.000000,0.004215,0.000002,0.000021,0.000005,0.000004,0.000130,0.000000,0.000002,0.000000,0.000000
SortGPU,64,64.000000,0.004177,0.000033,0.001086,0.000065,0.000054,0.004177,0.000033,0.001086,0.000065,0.000054
GuLiImpacts_Publish,788,788.000000,0.004097,0.000004,0.000017,0.000005,0.000005,0.004097,0.000004,0.000017,0.000005,0.000005
FRenderCommandPipe_StartRecording,3544,3544.000000,0.004096,0.000000,0.000023,0.000001,0.000001,0.004096,0.000000,0.000023,0.000001,0.000001
FSkinningSceneExtension::Tick,1572,1572.000000,0.004006,0.000001,0.000029,0.000003,0.000002,0.004006,0.000001,0.000029,0.000003,0.000002
UpdateAnimationTransitions,1182,1182.000000,0.003986,0.000002,0.000023,0.000003,0.000003,0.002791,0.000001,0.000022,0.000002,0.000002
FAudioDevice_UpdateAudioEngineSubsystems,1182,1182.000000,0.003933,0.000001,0.000040,0.000003,0.000001,0.003933,0.000001,0.000040,0.000003,0.000001
CameraProxyMeshComponent,4728,4728.000000,0.003926,0.000000,0.000177,0.000001,0.000000,0.003341,0.000000,0.000177,0.000001,0.000000
Shadow.Virtual.ProcessInvalidations,792,792.000000,0.003924,0.000002,0.000011,0.000005,0.000005,0.003924,0.000002,0.000011,0.000005,0.000005
PhysicsFieldComponent,2364,2364.000000,0.003786,0.000000,0.000047,0.000002,0.000001,0.003786,0.000000,0.000047,0.000002,0.000001
UnitFeedback,5065,5065.000000,0.003774,0.000000,0.000076,0.000001,0.000001,0.003774,0.000000,0.000076,0.000001,0.000001
Side_Winglet_Spike_Lvl1,11032,11032.000000,0.003774,0.000000,0.000040,0.000000,0.000000,0.003771,0.000000,0.000040,0.000000,0.000000
BroadcastPostTickFlush,1576,1576.000000,0.003751,0.000000,0.000047,0.000002,0.000003,0.003751,0.000000,0.000047,0.000002,0.000003
GuLiEngineeringAIController,7092,7092.000000,0.003730,0.000000,0.000024,0.000001,0.000001,0.003730,0.000000,0.000024,0.000001,0.000001
Apply,788,788.000000,0.003652,0.000003,0.000756,0.000005,0.000003,0.003652,0.000003,0.000756,0.000005,0.000003
FStats::AdvanceFrame,394,394.000000,0.003643,0.000004,0.000041,0.000009,0.000009,0.002810,0.000004,0.000041,0.000007,0.000007
USceneComponent::OnRegister,3557,3557.000000,0.003606,0.000000,0.000175,0.000001,0.000002,0.002306,0.000000,0.000030,0.000001,0.000001
UpdateCoreCsvStats_EndFrame,393,393.000000,0.003549,0.000004,0.000027,0.000009,0.000009,0.003549,0.000004,0.000027,0.000009,0.000009
UInstancedStaticMeshComponent::AddInstancesInternal,556,556.000000,0.003493,0.000003,0.000042,0.000006,0.000006,0.003493,0.000003,0.000042,0.000006,0.000006
SSceneOutlinerTreeView [SSceneOutliner.cpp(266)],394,394.000000,0.003490,0.000007,0.000038,0.000009,0.000008,0.000132,0.000000,0.000002,0.000000,0.000000
ConstructionPresentation,5840,5840.000000,0.003432,0.000000,0.000020,0.000001,0.000001,0.003432,0.000000,0.000020,0.000001,0.000001
Asset Registry Tick,394,394.000000,0.003378,0.000004,0.000238,0.000009,0.000007,0.002981,0.000003,0.000236,0.000008,0.000006
STreeView::Tick,394,394.000000,0.003358,0.000006,0.000037,0.000009,0.000008,0.000207,0.000000,0.000001,0.000001,0.000001
Sync UObject's world to column,394,394.000000,0.003326,0.000003,0.000071,0.000008,0.000007,0.003326,0.000003,0.000071,0.000008,0.000007
LevelInstanceSubsystem,1576,1576.000000,0.003312,0.000000,0.000053,0.000002,0.000000,0.003261,0.000000,0.000053,0.000002,0.000000
UpdateGPUScene,1181,1181.000000,0.003277,0.000001,0.000008,0.000003,0.000002,0.003277,0.000001,0.000008,0.000003,0.000002
SDetailsView [PropertyEditorModule.cpp(277)],394,394.000000,0.003255,0.000007,0.000023,0.000008,0.000008,0.000290,0.000000,0.000002,0.000001,0.000001
EnhPIS_KeyDownPrev,788,788.000000,0.003222,0.000003,0.000014,0.000004,0.000004,0.002869,0.000003,0.000014,0.000004,0.000004
FEnhancedInputModule::Tick,394,394.000000,0.003165,0.000006,0.000015,0.000008,0.000008,0.002449,0.000005,0.000011,0.000006,0.000006
STableViewBase::Tick,394,394.000000,0.003151,0.000006,0.000037,0.000008,0.000007,0.003151,0.000006,0.000037,0.000008,0.000007
SWidget::Invalidate,4723,4723.000000,0.003139,0.000000,0.000033,0.000001,0.000000,0.003139,0.000000,0.000033,0.000001,0.000000
GuLiCommander_HexCoverage,151048,151048.000000,0.003105,0.000000,0.000074,0.000000,0.000000,0.003105,0.000000,0.000074,0.000000,0.000000
RecastNavMesh-CommanderSoldier,394,394.000000,0.002970,0.000005,0.000241,0.000008,0.000007,0.002970,0.000005,0.000241,0.000008,0.000007
InstancedStaticMesh,788,788.000000,0.002966,0.000002,0.000030,0.000004,0.000003,0.000246,0.000000,0.000001,0.000000,0.000000
SDetailsViewBase::Tick,394,394.000000,0.002965,0.000006,0.000022,0.000008,0.000007,0.002965,0.000006,0.000022,0.000008,0.000007
FDirectoryWatcherWindows::Tick,394,394.000000,0.002934,0.000002,0.000170,0.000007,0.000002,0.002934,0.000002,0.000170,0.000007,0.000002
FMassProcessingPhase::ExecuteTick EMassProcessingPhase::StartPhysics,1576,1576.000000,0.002838,0.000000,0.000027,0.000002,0.000001,0.002838,0.000000,0.000027,0.000002,0.000001
Tick_AutomationController,393,393.000000,0.002827,0.000005,0.000110,0.000007,0.000007,0.002827,0.000005,0.000110,0.000007,0.000007
UpdateLocomotionBlend,1182,1182.000000,0.002804,0.000001,0.000046,0.000002,0.000002,0.001998,0.000001,0.000046,0.000002,0.000001
Merge,788,788.000000,0.002762,0.000002,0.000240,0.000004,0.000002,0.002762,0.000002,0.000240,0.000004,0.000002
SM_WarMachine_Rigid,788,788.000000,0.002720,0.000002,0.000030,0.000003,0.000003,0.002111,0.000001,0.000029,0.000003,0.000002
MassObserver_ResumeExecution,59,59.000000,0.002698,0.000016,0.000201,0.000046,0.000019,0.000213,0.000002,0.000007,0.000004,0.000003
FPhysInterface_Chaos::AddGeometry,1750,1750.000000,0.002626,0.000001,0.000014,0.000002,0.000001,0.002626,0.000001,0.000014,0.000002,0.000001
Remove child from parent's child array,5309,5309.000000,0.002590,0.000000,0.000119,0.000000,0.000000,0.002590,0.000000,0.000119,0.000000,0.000000
UUnrealEdEngine::AttemptModifiedPackageNotification,394,394.000000,0.002582,0.000005,0.000031,0.000007,0.000006,0.002582,0.000005,0.000031,0.000007,0.000006
PathFollowingComponent,13396,13396.000000,0.002573,0.000000,0.000083,0.000000,0.000000,0.002573,0.000000,0.000083,0.000000,0.000000
Shoulder,2364,2364.000000,0.002514,0.000000,0.000130,0.000001,0.000000,0.002006,0.000000,0.000130,0.000001,0.000000
SScrollBox [HeaderAndBodyContainer.cpp(134)],394,394.000000,0.002500,0.000005,0.000027,0.000006,0.000006,0.002500,0.000005,0.000027,0.000006,0.000006
ChaosDebugDrawComponent,788,788.000000,0.002468,0.000002,0.000025,0.000003,0.000003,0.002468,0.000002,0.000025,0.000003,0.000003
GroupedQueries,1575,1575.000000,0.002467,0.000000,0.000006,0.000002,0.000001,0.002467,0.000000,0.000006,0.000002,0.000001
CommanderTeleportInput,1957,1957.000000,0.002412,0.000000,0.000095,0.000001,0.000001,0.002412,0.000000,0.000095,0.000001,0.000001
CopyOutParametersToLocalParameters,17680,17680.000000,0.002348,0.000000,0.000003,0.000000,0.000000,0.002348,0.000000,0.000003,0.000000,0.000000
SEditableText [SEditableTextBox.cpp(61)],788,788.000000,0.002317,0.000001,0.000010,0.000003,0.000003,0.002317,0.000001,0.000010,0.000003,0.000003
GuLiWarMachineHover,1576,1576.000000,0.002275,0.000000,0.000052,0.000001,0.000002,0.002275,0.000000,0.000052,0.000001,0.000002
DebugVisLocationProcessor_0,394,394.000000,0.002269,0.000004,0.000018,0.000006,0.000005,0.002269,0.000004,0.000018,0.000006,0.000005
FMassProcessingPhase::ExecuteTick EMassProcessingPhase::EndPhysics,1576,1576.000000,0.002242,0.000000,0.000178,0.000001,0.000002,0.002242,0.000000,0.000178,0.000001,0.000002
UWorld::UpdateLevelStreaming,1182,1182.000000,0.002198,0.000000,0.000069,0.000002,0.000002,0.002043,0.000000,0.000069,0.000002,0.000002
Slate::AddRoundedBoxElements,1179,1179.000000,0.002158,0.000000,0.000026,0.000002,0.000001,0.002158,0.000000,0.000026,0.000002,0.000001
FXSystemPostRenderOpaque,787,787.000000,0.002151,0.000002,0.000005,0.000003,0.000003,0.001614,0.000001,0.000003,0.000002,0.000002
GuLiMuzzles_Lifecycle,788,788.000000,0.002134,0.000001,0.000011,0.000003,0.000003,0.002134,0.000001,0.000011,0.000003,0.000003
CacheCursorInfo,394,394.000000,0.002030,0.000002,0.000024,0.000005,0.000005,0.001339,0.000002,0.000023,0.000003,0.000003
FAudioDevice_UpdateAudioVolumeEffects,1182,1182.000000,0.001977,0.000000,0.000026,0.000002,0.000001,0.001977,0.000000,0.000026,0.000002,0.000001
WBP_ShipWorldStatus [WBP_ShipWorldStatus_C_0],393,393.000000,0.001974,0.000003,0.000024,0.000005,0.000005,0.000603,0.000001,0.000004,0.000002,0.000002
ParallelFor.Wait,335,335.000000,0.001960,0.000001,0.000051,0.000006,0.000002,0.001960,0.000001,0.000051,0.000006,0.000002
PollGameDeviceState,394,394.000000,0.001946,0.000003,0.000041,0.000005,0.000005,0.001946,0.000003,0.000041,0.000005,0.000005
[TEDS] Mapping inspect rows,77,77.000000,0.001942,0.000001,0.000068,0.000025,0.000026,0.001942,0.000001,0.000068,0.000025,0.000026
ParallelFor Task,51,51.000000,0.001939,0.000022,0.000077,0.000038,0.000035,0.000009,0.000000,0.000000,0.000000,0.000000
GuLiResourceWorldState,306,306.000000,0.001928,0.000002,0.000017,0.000006,0.000007,0.001928,0.000002,0.000017,0.000006,0.000007
UDataflowSimulationManager::OnWorldPostActorTick,1182,1182.000000,0.001920,0.000001,0.000006,0.000002,0.000002,0.001920,0.000001,0.000006,0.000002,0.000002
Tick_Hotfixables,393,393.000000,0.001920,0.000003,0.000181,0.000005,0.000005,0.001920,0.000003,0.000181,0.000005,0.000005
Render_BeginFrame,394,394.000000,0.001919,0.000003,0.000059,0.000005,0.000004,0.001063,0.000001,0.000056,0.000003,0.000002
ConditionalCollectGarbage,1576,1576.000000,0.001907,0.000000,0.000145,0.000001,0.000000,0.001907,0.000000,0.000145,0.000001,0.000000
Tick_PostRender,393,393.000000,0.001905,0.000003,0.000009,0.000005,0.000005,0.001905,0.000003,0.000009,0.000005,0.000005
MassActiveSmartObjectSignalProcessor_0,1182,1182.000000,0.001868,0.000000,0.000010,0.000002,0.000002,0.001868,0.000000,0.000010,0.000002,0.000002
BufferPoolCopyOps,786,786.000000,0.001863,0.000000,0.000050,0.000002,0.000001,0.001863,0.000000,0.000050,0.000002,0.000001
FAsyncTask::SyncCompletion,710,710.000000,0.001827,0.000000,0.000065,0.000003,0.000002,0.001827,0.000000,0.000065,0.000003,0.000002
ProcessWorkerInputs,394,394.000000,0.001794,0.000002,0.000023,0.000005,0.000004,0.001794,0.000002,0.000023,0.000005,0.000004
Unregister Persistent Level on World removal,7059,7059.000000,0.001766,0.000000,0.000074,0.000000,0.000000,0.001766,0.000000,0.000074,0.000000,0.000000
MassStateTreeProcessor_0,394,394.000000,0.001713,0.000001,0.000043,0.000004,0.000004,0.001713,0.000001,0.000043,0.000004,0.000004
UpdateGPUScene,787,787.000000,0.001700,0.000001,0.000004,0.000002,0.000002,0.001700,0.000001,0.000004,0.000002,0.000002
TeamOutline,300,300.000000,0.001685,0.000004,0.000023,0.000006,0.000005,0.001685,0.000004,0.000023,0.000006,0.000005
RocketJetLeft,1576,1576.000000,0.001644,0.000000,0.000038,0.000001,0.000001,0.001039,0.000000,0.000015,0.000001,0.000001
Shadow.Virtual.ProcessInvalidationsGPU,1575,1575.000000,0.001629,0.000000,0.000003,0.000001,0.000001,0.001629,0.000000,0.000003,0.000001,0.000001
OutpostHalo,3152,3152.000000,0.001586,0.000000,0.000012,0.000001,0.000000,0.001586,0.000000,0.000012,0.000001,0.000000
GuLiMining_SelectCachedSlot,1648,1648.000000,0.001526,0.000000,0.000008,0.000001,0.000001,0.001526,0.000000,0.000008,0.000001,0.000001
BooleanAND,8274,8274.000000,0.001509,0.000000,0.000002,0.000000,0.000000,0.001509,0.000000,0.000002,0.000000,0.000000
GameplayDebuggerCategoryReplicator,311,311.000000,0.001496,0.000002,0.000017,0.000005,0.000005,0.001496,0.000002,0.000017,0.000005,0.000005
DrawFrustumComponent,4728,4728.000000,0.001495,0.000000,0.000041,0.000000,0.000000,0.001495,0.000000,0.000041,0.000000,0.000000
SViewport [SEditorViewport.cpp(83)],394,394.000000,0.001486,0.000002,0.000030,0.000004,0.000003,0.001486,0.000002,0.000030,0.000004,0.000003
MassCommandBuffer_MoveAppend,29970,29970.000000,0.001485,0.000000,0.000020,0.000000,0.000000,0.001485,0.000000,0.000020,0.000000,0.000000
SScrollBar [STableViewBase.cpp(169)],394,394.000000,0.001443,0.000003,0.000012,0.000004,0.000003,0.001443,0.000003,0.000012,0.000004,0.000003
GuLiCommander_SharedFindPath,80,80.000000,0.001438,0.000004,0.000150,0.000018,0.000014,0.001438,0.000004,0.000150,0.000018,0.000014
SMultiLineEditableText [SMultiLineEditableTextBox.cpp(97)],394,394.000000,0.001435,0.000002,0.000019,0.000004,0.000003,0.001435,0.000002,0.000019,0.000004,0.000003
SM_Armor,1182,1182.000000,0.001414,0.000000,0.000141,0.000001,0.000000,0.001414,0.000000,0.000141,0.000001,0.000000
WBP_ShipWorldStatus_C /Engine/Transient.UnrealEdEngine_0:GameInstance_11.WBP_ShipWorldStatus_C_0_Tick,393,393.000000,0.001372,0.000002,0.000023,0.000003,0.000003,0.001372,0.000002,0.000023,0.000003,0.000003
GuLiCommanderPlayerState,166,166.000000,0.001358,0.000002,0.000040,0.000008,0.000007,0.000956,0.000001,0.000039,0.000006,0.000004
FTaskBase::TryRetractAndExecute,2453,2453.000000,0.001358,0.000000,0.000225,0.000001,0.000000,0.000283,0.000000,0.000010,0.000000,0.000000
NotEqual_IntInt,1182,1182.000000,0.001354,0.000001,0.000031,0.000001,0.000001,0.001354,0.000001,0.000031,0.000001,0.000001
MassObserver_OnCollectionsCreatedImpl_Collection,59,59.000000,0.001282,0.000013,0.000078,0.000022,0.000016,0.000114,0.000000,0.000004,0.000002,0.000002
Add world column to UObject,394,394.000000,0.001276,0.000000,0.000074,0.000003,0.000000,0.001276,0.000000,0.000074,0.000003,0.000000
SM_OutpostPlaceholder,1576,1576.000000,0.001267,0.000000,0.000004,0.000001,0.000001,0.001267,0.000000,0.000004,0.000001,0.000001
FAudioDevice_UpdateSoundClasses,1182,1182.000000,0.001257,0.000000,0.000019,0.000001,0.000001,0.001257,0.000000,0.000019,0.000001,0.000001
UMassActorSpawnerSubsystem::ProcessPendingDestruction,2364,2364.000000,0.001231,0.000000,0.000009,0.000001,0.000000,0.001136,0.000000,0.000009,0.000000,0.000000
GPUSortBatch,64,64.000000,0.001228,0.000007,0.000032,0.000019,0.000020,0.000503,0.000001,0.000017,0.000008,0.000008
UWorldPartitionHLODRuntimeSubsystem::OnBeginRenderViews,1574,1574.000000,0.001210,0.000000,0.000008,0.000001,0.000001,0.001210,0.000000,0.000008,0.000001,0.000001
LineBatchComponent,4728,4728.000000,0.001207,0.000000,0.000009,0.000000,0.000000,0.001207,0.000000,0.000009,0.000000,0.000000
MassVisualizationComponent EndVisualChanges,2364,2364.000000,0.001195,0.000000,0.000027,0.000001,0.000001,0.001195,0.000000,0.000027,0.000001,0.000001
MassObserver_OnPostEntitiesCreated_Collection,7059,7059.000000,0.001195,0.000000,0.000029,0.000000,0.000000,0.000398,0.000000,0.000029,0.000000,0.000000
GuLiArmySkillReplicationActor,324,324.000000,0.001157,0.000001,0.000017,0.000004,0.000004,0.001157,0.000001,0.000017,0.000004,0.000004
SLevelViewport [LevelEditor.cpp(309)],394,394.000000,0.001114,0.000002,0.000032,0.000003,0.000002,0.001114,0.000002,0.000032,0.000003,0.000002
FGroomCacheStreamingManager::UpdateResourceStreaming,394,394.000000,0.001114,0.000002,0.000005,0.000003,0.000003,0.001114,0.000002,0.000005,0.000003,0.000003
Tick_PerformanceMonitoring,394,394.000000,0.001086,0.000002,0.000012,0.000003,0.000003,0.001086,0.000002,0.000012,0.000003,0.000003
UWorldPartitionSubsystem::UpdateStreamingState,1182,1182.000000,0.001081,0.000000,0.000007,0.000001,0.000001,0.001081,0.000000,0.000007,0.000001,0.000001
MakeUniqueObjectName,1954,1954.000000,0.001077,0.000000,0.000005,0.000001,0.000000,0.001077,0.000000,0.000005,0.000001,0.000000
WinPumpMessages,394,394.000000,0.001042,0.000001,0.000015,0.000003,0.000002,0.001042,0.000001,0.000015,0.000003,0.000002
SOutputLog [OutputLogModule.cpp(113)],394,394.000000,0.001040,0.000001,0.000293,0.000003,0.000001,0.001040,0.000001,0.000293,0.000003,0.000001
Sync dataflow object hierarchy to column,394,394.000000,0.001039,0.000001,0.000046,0.000003,0.000002,0.001039,0.000001,0.000046,0.000003,0.000002
Tick_AutomationWorker,393,393.000000,0.001016,0.000002,0.000011,0.000003,0.000002,0.001016,0.000002,0.000011,0.000003,0.000002
RotatorFromAxisAndAngle,1182,1182.000000,0.001006,0.000000,0.000003,0.000001,0.000001,0.001006,0.000000,0.000003,0.000001,0.000001
SSceneOutliner [SceneOutlinerModule.cpp(86)],394,394.000000,0.001006,0.000002,0.000013,0.000003,0.000002,0.000231,0.000000,0.000011,0.000001,0.000001
GuLiCommanderGameMode,394,394.000000,0.001003,0.000002,0.000023,0.000003,0.000002,0.001003,0.000002,0.000023,0.000003,0.000002
UActorComponent::OnRegister,5307,5307.000000,0.000999,0.000000,0.000173,0.000000,0.000000,0.000499,0.000000,0.000001,0.000000,0.000000
FinishAsyncTrace,1182,1182.000000,0.000997,0.000000,0.000078,0.000001,0.000000,0.000997,0.000000,0.000078,0.000001,0.000000
Mass_BatchCreateReservedEntities,59,59.000000,0.000989,0.000008,0.000092,0.000017,0.000012,0.000989,0.000008,0.000092,0.000017,0.000012
GuLiGroundMassContact_Query,1182,1182.000000,0.000986,0.000000,0.000003,0.000001,0.000001,0.000986,0.000000,0.000003,0.000001,0.000001
GuLiCommanderRouteLineComponent,788,788.000000,0.000977,0.000001,0.000017,0.000001,0.000001,0.000977,0.000001,0.000017,0.000001,0.000001
FInterpEaseInOut,1182,1182.000000,0.000962,0.000000,0.000050,0.000001,0.000001,0.000962,0.000000,0.000050,0.000001,0.000001
Slate::AddBorderElement,393,393.000000,0.000960,0.000002,0.000020,0.000002,0.000002,0.000960,0.000002,0.000020,0.000002,0.000002
GuLiImpacts_Lifecycle,788,788.000000,0.000957,0.000001,0.000003,0.000001,0.000001,0.000957,0.000001,0.000003,0.000001,0.000001
SendAllEndOfFrameUpdates,1179,1179.000000,0.000940,0.000000,0.000002,0.000001,0.000001,0.000940,0.000000,0.000002,0.000001,0.000001
NS_GroundMech_RocketJet,1576,1576.000000,0.000938,0.000000,0.000038,0.000001,0.000001,0.000938,0.000000,0.000038,0.000001,0.000001
FStreamingTextureLevelContext::UpdateContext,15134,15134.000000,0.000914,0.000000,0.000002,0.000000,0.000000,0.000914,0.000000,0.000002,0.000000,0.000000
Chaos_PhysicsParallelFor,1182,1182.000000,0.000906,0.000000,0.000031,0.000001,0.000001,0.000906,0.000000,0.000031,0.000001,0.000001
NewSceneCaptureComponent2D,788,788.000000,0.000878,0.000001,0.000002,0.000001,0.000001,0.000878,0.000001,0.000002,0.000001,0.000001
Remove Row From Parent Data,7059,7059.000000,0.000876,0.000000,0.000033,0.000000,0.000000,0.000876,0.000000,0.000033,0.000000,0.000000
Render_EndFrame,393,393.000000,0.000876,0.000001,0.000009,0.000002,0.000002,0.000876,0.000001,0.000009,0.000002,0.000002
Production,529,529.000000,0.000836,0.000000,0.000050,0.000002,0.000001,0.000836,0.000000,0.000050,0.000002,0.000001
Slate::AddViewportElement,1179,1179.000000,0.000821,0.000000,0.000009,0.000001,0.000001,0.000821,0.000000,0.000009,0.000001,0.000001
FMax,2364,2364.000000,0.000821,0.000000,0.000410,0.000000,0.000000,0.000821,0.000000,0.000410,0.000000,0.000000
MapRangeClamped,2364,2364.000000,0.000806,0.000000,0.000002,0.000000,0.000000,0.000806,0.000000,0.000002,0.000000,0.000000
ConstructedUnit,529,529.000000,0.000785,0.000000,0.000030,0.000001,0.000001,0.000785,0.000000,0.000030,0.000001,0.000001
GreaterEqual_DoubleDouble,2364,2364.000000,0.000778,0.000000,0.000002,0.000000,0.000000,0.000778,0.000000,0.000002,0.000000,0.000000
UE::Interchange::FInterchangeTaskSystem::Tick,393,393.000000,0.000775,0.000001,0.000008,0.000002,0.000002,0.000775,0.000001,0.000008,0.000002,0.000002
SSceneOutliner::Tick,394,394.000000,0.000774,0.000001,0.000011,0.000002,0.000002,0.000774,0.000001,0.000011,0.000002,0.000002
UMassActorSpawnerSubsystem::ProcessPendingSpawningRequest,2364,2364.000000,0.000764,0.000000,0.000012,0.000000,0.000000,0.000764,0.000000,0.000012,0.000000,0.000000
RocketJetRight,1576,1576.000000,0.000757,0.000000,0.000002,0.000000,0.000000,0.000423,0.000000,0.000002,0.000000,0.000000
UInputComponent::ConditionalBuildKeyMap,2364,2364.000000,0.000755,0.000000,0.000001,0.000000,0.000000,0.000755,0.000000,0.000001,0.000000,0.000000
[TEDS] Mapping drain deletion queue,16,16.000000,0.000744,0.000003,0.000094,0.000046,0.000044,0.000744,0.000003,0.000094,0.000046,0.000044
UNavigationSystemV1::OnWorldPostActorTick,2364,2364.000000,0.000743,0.000000,0.000014,0.000000,0.000000,0.000743,0.000000,0.000014,0.000000,0.000000
Sync UObject Name to column,394,394.000000,0.000739,0.000001,0.000049,0.000002,0.000001,0.000739,0.000001,0.000049,0.000002,0.000001
Populate actor typed element handles,59,59.000000,0.000735,0.000004,0.000076,0.000012,0.000005,0.000735,0.000004,0.000076,0.000012,0.000005
GenerateSortKeys,1597,1597.000000,0.000725,0.000000,0.000013,0.000000,0.000000,0.000725,0.000000,0.000013,0.000000,0.000000
ExternalUnitControl,685,685.000000,0.000679,0.000000,0.000008,0.000001,0.000001,0.000679,0.000000,0.000008,0.000001,0.000001
TexturePoolCopyOps,786,786.000000,0.000661,0.000000,0.000002,0.000001,0.000001,0.000661,0.000000,0.000002,0.000001,0.000001
GuLiCommanderPresentation_DemandPose,1374,1374.000000,0.000660,0.000000,0.000008,0.000000,0.000000,0.000660,0.000000,0.000008,0.000000,0.000000
Slate::AddCustomElement,786,786.000000,0.000656,0.000000,0.000002,0.000001,0.000001,0.000656,0.000000,0.000002,0.000001,0.000001
RecastNavMesh-Default,394,394.000000,0.000648,0.000001,0.000004,0.000002,0.000002,0.000648,0.000001,0.000004,0.000002,0.000002
FTedsAssetData::OnDatabaseUpdate,394,394.000000,0.000638,0.000001,0.000028,0.000002,0.000001,0.000231,0.000000,0.000002,0.000001,0.000001
SGuLiSceneUI [GuLiSceneUIWidget.cpp(378)],3144,3144.000000,0.000617,0.000000,0.000002,0.000000,0.000000,0.000617,0.000000,0.000002,0.000000,0.000000
SSceneOutlinerTreeRow [SSceneOutliner.cpp(1927)],3546,3546.000000,0.000616,0.000000,0.000012,0.000000,0.000000,0.000616,0.000000,0.000012,0.000000,0.000000
Slate::AddGradientElement,393,393.000000,0.000616,0.000001,0.000094,0.000002,0.000001,0.000616,0.000001,0.000094,0.000002,0.000001
FTraceAux_OnEndFrame_Stats,393,393.000000,0.000601,0.000001,0.000006,0.000002,0.000001,0.000457,0.000001,0.000004,0.000001,0.000001
GPUParticles_PreRender,787,787.000000,0.000600,0.000000,0.000003,0.000001,0.000001,0.000600,0.000000,0.000003,0.000001,0.000001
NavRenderingComp,120,120.000000,0.000597,0.000000,0.000014,0.000005,0.000007,0.000597,0.000000,0.000014,0.000005,0.000007
MatineeCam_SM,2364,2364.000000,0.000585,0.000000,0.000002,0.000000,0.000000,0.000585,0.000000,0.000002,0.000000,0.000000
[TEDS] Tick time sliced tasks: 'ProcessAssetTasksCooperatively',394,394.000000,0.000580,0.000001,0.000022,0.000001,0.000001,0.000489,0.000000,0.000022,0.000001,0.000001
NiagaraGpuComputeDispatch,702,702.000000,0.000577,0.000001,0.000002,0.000001,0.000001,0.000577,0.000001,0.000002,0.000001,0.000001
ScaleVariableRateShadingTexture,787,787.000000,0.000569,0.000000,0.000002,0.000001,0.000001,0.000569,0.000000,0.000002,0.000001,0.000001
EnhPIS_PostTick,13790,13790.000000,0.000543,0.000000,0.000008,0.000000,0.000000,0.000543,0.000000,0.000008,0.000000,0.000000
GPUParticles_PostRenderOpaque,787,787.000000,0.000537,0.000000,0.000002,0.000001,0.000001,0.000537,0.000000,0.000002,0.000001,0.000001
ShipAssembly,357,357.000000,0.000537,0.000000,0.000029,0.000002,0.000002,0.000537,0.000000,0.000029,0.000002,0.000002
WorldSettings,302,302.000000,0.000528,0.000001,0.000004,0.000002,0.000002,0.000528,0.000001,0.000004,0.000002,0.000002
FRenderCommandFence::BeginFence,786,786.000000,0.000527,0.000000,0.000035,0.000001,0.000001,0.000527,0.000000,0.000035,0.000001,0.000001
SM_Shoulder,1182,1182.000000,0.000508,0.000000,0.000001,0.000000,0.000000,0.000508,0.000000,0.000001,0.000000,0.000000
Actor Level to Column,394,394.000000,0.000506,0.000000,0.000037,0.000001,0.000001,0.000506,0.000000,0.000037,0.000001,0.000001
Cross_VectorVector,1182,1182.000000,0.000499,0.000000,0.000001,0.000000,0.000000,0.000499,0.000000,0.000001,0.000000,0.000000
LightFunctionAtlasGeneration,787,787.000000,0.000493,0.000000,0.000002,0.000001,0.000001,0.000493,0.000000,0.000002,0.000001,0.000001
RayTracingGeometry,1575,1575.000000,0.000477,0.000000,0.000002,0.000000,0.000000,0.000477,0.000000,0.000002,0.000000,0.000000
Actor Visibility Object to New Column,394,394.000000,0.000471,0.000000,0.000025,0.000001,0.000000,0.000471,0.000000,0.000025,0.000001,0.000000
Not_PreBool,3546,3546.000000,0.000470,0.000000,0.000001,0.000000,0.000000,0.000470,0.000000,0.000001,0.000000,0.000000
Mass_CreateSparseChunks,6304,6304.000000,0.000448,0.000000,0.000002,0.000000,0.000000,0.000448,0.000000,0.000002,0.000000,0.000000
SelectFloat,1182,1182.000000,0.000439,0.000000,0.000002,0.000000,0.000000,0.000439,0.000000,0.000002,0.000000,0.000000
GuLiSoldierStateReplicator,324,324.000000,0.000438,0.000001,0.000003,0.000001,0.000001,0.000438,0.000001,0.000003,0.000001,0.000001
Sync level label to column,394,394.000000,0.000425,0.000001,0.000003,0.000001,0.000001,0.000425,0.000001,0.000003,0.000001,0.000001
MassVisualizationComponent BeginVisualChanges,2364,2364.000000,0.000425,0.000000,0.000001,0.000000,0.000000,0.000425,0.000000,0.000001,0.000000,0.000000
Asset Registry Event Broadcast,394,394.000000,0.000397,0.000001,0.000002,0.000001,0.000001,0.000397,0.000001,0.000002,0.000001,0.000001
UWorld::UpdateCullDistanceVolumes,1750,1750.000000,0.000395,0.000000,0.000001,0.000000,0.000000,0.000395,0.000000,0.000001,0.000000,0.000000
Tick_DeferredCommands,393,393.000000,0.000393,0.000000,0.000002,0.000001,0.000001,0.000393,0.000000,0.000002,0.000001,0.000001
FTedsAssetData::RecordAssetDataStats,394,394.000000,0.000391,0.000001,0.000027,0.000001,0.000001,0.000391,0.000001,0.000027,0.000001,0.000001
GuLiRogueUpgradePresentation,788,788.000000,0.000391,0.000000,0.000001,0.000000,0.000001,0.000391,0.000000,0.000001,0.000000,0.000001
GuLiOreFieldActor,322,322.000000,0.000386,0.000000,0.000003,0.000001,0.000001,0.000386,0.000000,0.000003,0.000001,0.000001
Sync dataflow object visibility to Column,788,788.000000,0.000386,0.000000,0.000032,0.000000,0.000001,0.000386,0.000000,0.000032,0.000000,0.000001
Sync Actor's Mobility to Column,394,394.000000,0.000385,0.000000,0.000022,0.000001,0.000001,0.000385,0.000000,0.000022,0.000001,0.000001
FEngineLoop_CallAllConsoleVariableSinks,393,393.000000,0.000377,0.000000,0.000062,0.000001,0.000001,0.000377,0.000000,0.000062,0.000001,0.000001
FClamp,2364,2364.000000,0.000377,0.000000,0.000001,0.000000,0.000000,0.000377,0.000000,0.000001,0.000000,0.000000
NotEqual_DoubleDouble,1182,1182.000000,0.000376,0.000000,0.000016,0.000000,0.000000,0.000376,0.000000,0.000016,0.000000,0.000000
FAudioDevice_UpdateDeviceTiming,1182,1182.000000,0.000373,0.000000,0.000008,0.000000,0.000000,0.000373,0.000000,0.000008,0.000000,0.000000
Sync Particle's parent to column,394,394.000000,0.000371,0.000000,0.000022,0.000001,0.000001,0.000371,0.000000,0.000022,0.000001,0.000001
Divide_DoubleDouble,1182,1182.000000,0.000369,0.000000,0.000001,0.000000,0.000000,0.000369,0.000000,0.000001,0.000000,0.000000
GroundMechFuelAttributes,328,328.000000,0.000360,0.000000,0.000099,0.000001,0.000001,0.000360,0.000000,0.000099,0.000001,0.000001
Add_DoubleDouble,1182,1182.000000,0.000356,0.000000,0.000001,0.000000,0.000000,0.000356,0.000000,0.000001,0.000000,0.000000
UPlayerInput::EvaluateKeyMapState,788,788.000000,0.000353,0.000000,0.000002,0.000000,0.000000,0.000353,0.000000,0.000002,0.000000,0.000000
Sync world label to column,394,394.000000,0.000337,0.000000,0.000006,0.000001,0.000001,0.000337,0.000000,0.000006,0.000001,0.000001
SInsightsStatusBarWidget [SInsightsStatusBar.cpp(102)],394,394.000000,0.000333,0.000000,0.000011,0.000001,0.000001,0.000257,0.000000,0.000011,0.000001,0.000001
GuLiCommanderHUD,788,788.000000,0.000328,0.000000,0.000007,0.000000,0.000000,0.000328,0.000000,0.000007,0.000000,0.000000
FCoreDelegates::OnSamplingInput,394,394.000000,0.000328,0.000000,0.000002,0.000001,0.000001,0.000328,0.000000,0.000002,0.000001,0.000001
FDistanceFieldAsyncQueue::ProcessAsyncTasks,394,394.000000,0.000326,0.000000,0.000002,0.000001,0.000001,0.000190,0.000000,0.000001,0.000000,0.000000
SGameLayerManager [SLevelViewport.cpp(379)],394,394.000000,0.000320,0.000000,0.000003,0.000001,0.000001,0.000320,0.000000,0.000003,0.000001,0.000001
OnRep_ReplicatedWorldTimeSecondsDouble,293,293.000000,0.000316,0.000000,0.000005,0.000001,0.000001,0.000316,0.000000,0.000005,0.000001,0.000001
FAudioMixerPlatformSwappable_CheckAudioDeviceChange,1182,1182.000000,0.000313,0.000000,0.000023,0.000000,0.000000,0.000162,0.000000,0.000007,0.000000,0.000000
Update alert header,394,394.000000,0.000308,0.000000,0.000003,0.000001,0.000001,0.000308,0.000000,0.000003,0.000001,0.000001
PingPong PrePhysics->DurPhysics,394,394.000000,0.000308,0.000000,0.000003,0.000001,0.000001,0.000308,0.000000,0.000003,0.000001,0.000001
AbstractNavData-Default,394,394.000000,0.000306,0.000000,0.000004,0.000001,0.000001,0.000306,0.000000,0.000004,0.000001,0.000001
Greater_DoubleDouble,1182,1182.000000,0.000298,0.000000,0.000001,0.000000,0.000000,0.000298,0.000000,0.000001,0.000000,0.000000
Particle Visibility Object to Column,394,394.000000,0.000297,0.000000,0.000002,0.000001,0.000001,0.000297,0.000000,0.000002,0.000001,0.000001
Multiply_DoubleDouble,1182,1182.000000,0.000293,0.000000,0.000001,0.000000,0.000000,0.000293,0.000000,0.000001,0.000000,0.000000
FShaderCompilingManager::ProcessAsyncResults,394,394.000000,0.000292,0.000000,0.000002,0.000001,0.000001,0.000292,0.000000,0.000002,0.000001,0.000001
Add icon override column to actor,394,394.000000,0.000289,0.000000,0.000004,0.000001,0.000001,0.000289,0.000000,0.000004,0.000001,0.000001
Sync visibility Column to dataflow object,788,788.000000,0.000287,0.000000,0.000002,0.000000,0.000000,0.000287,0.000000,0.000002,0.000000,0.000000
UViewportStatsSubsystem::Draw,788,788.000000,0.000285,0.000000,0.000002,0.000000,0.000000,0.000285,0.000000,0.000002,0.000000,0.000000
PingPong DurPhysics->PostPhysics,394,394.000000,0.000283,0.000000,0.000003,0.000001,0.000001,0.000283,0.000000,0.000003,0.000001,0.000001
LightCompositionTasks_PreLighting,45,45.000000,0.000277,0.000003,0.000008,0.000006,0.000006,0.000004,0.000000,0.000001,0.000000,0.000000
FlushReinstancingQueueImpl,394,394.000000,0.000276,0.000000,0.000008,0.000001,0.000001,0.000276,0.000000,0.000008,0.000001,0.000001
FRenderCommandList::FParallelForContext::Submit,1182,1182.000000,0.000276,0.000000,0.000001,0.000000,0.000000,0.000276,0.000000,0.000001,0.000000,0.000000
DeferredDecals %s,45,45.000000,0.000273,0.000003,0.000008,0.000006,0.000006,0.000008,0.000000,0.000001,0.000000,0.000000
GuLiStrongholdNetworkPresentationComponent,240,240.000000,0.000271,0.000001,0.000003,0.000001,0.000001,0.000271,0.000001,0.000003,0.000001,0.000001
BuildingPlacement,381,381.000000,0.000268,0.000000,0.000002,0.000001,0.000001,0.000268,0.000000,0.000002,0.000001,0.000001
SToolBarButtonBlock [SToolBarButtonBlock.cpp(144)],6698,6698.000000,0.000267,0.000000,0.000002,0.000000,0.000000,0.000267,0.000000,0.000002,0.000000,0.000000
Sync actor's parent to column,394,394.000000,0.000267,0.000000,0.000064,0.000001,0.000000,0.000267,0.000000,0.000064,0.000001,0.000000
Decals,45,45.000000,0.000264,0.000003,0.000008,0.000006,0.000006,0.000264,0.000003,0.000008,0.000006,0.000006
SComboButton [SToolBarComboButtonBlock.cpp(328)],5910,5910.000000,0.000261,0.000000,0.000001,0.000000,0.000000,0.000261,0.000000,0.000001,0.000000,0.000000
BooleanOR,1182,1182.000000,0.000261,0.000000,0.000001,0.000000,0.000000,0.000261,0.000000,0.000001,0.000000,0.000000
Sync particle name to label,394,394.000000,0.000260,0.000000,0.000002,0.000001,0.000001,0.000260,0.000000,0.000002,0.000001,0.000001
Particle Visibility Column to Object,394,394.000000,0.000256,0.000000,0.000027,0.000001,0.000001,0.000256,0.000000,0.000027,0.000001,0.000001
SLevelEditor [LevelEditor.cpp(245)],394,394.000000,0.000254,0.000000,0.000010,0.000001,0.000001,0.000254,0.000000,0.000010,0.000001,0.000001
Sync viewport outline color column to actor,394,394.000000,0.000243,0.000000,0.000002,0.000001,0.000001,0.000243,0.000000,0.000002,0.000001,0.000001
Update/remove icon override column to actor,394,394.000000,0.000243,0.000000,0.000008,0.000001,0.000001,0.000243,0.000000,0.000008,0.000001,0.000001
SGlobalPlayWorldActions [PlayLevel.cpp(3393)],787,787.000000,0.000240,0.000000,0.000001,0.000000,0.000000,0.000240,0.000000,0.000001,0.000000,0.000000
Add icon override column to Particle,394,394.000000,0.000235,0.000000,0.000002,0.000001,0.000001,0.000235,0.000000,0.000002,0.000001,0.000001
NS_WingmanGroundFlight_SphereTrail,102,102.000000,0.000233,0.000000,0.000006,0.000002,0.000002,0.000167,0.000000,0.000005,0.000002,0.000002
ComputeGrassInstanceGenerationHash,9185,9185.000000,0.000229,0.000000,0.000001,0.000000,0.000000,0.000229,0.000000,0.000001,0.000000,0.000000
FAudioDevice_UpdateVirtualLoops,1182,1182.000000,0.000228,0.000000,0.000001,0.000000,0.000000,0.000228,0.000000,0.000001,0.000000,0.000000
Explosion_Flipbook,23,23.000000,0.000223,0.000007,0.000014,0.000010,0.000009,0.000196,0.000006,0.000012,0.000009,0.000008
Actor Visibility Object to Column,394,394.000000,0.000222,0.000000,0.000004,0.000001,0.000000,0.000222,0.000000,0.000004,0.000001,0.000000
OmnidirectionalBurst,23,23.000000,0.000219,0.000006,0.000043,0.000010,0.000008,0.000219,0.000006,0.000043,0.000010,0.000008
Sync dataflow object label to column,394,394.000000,0.000218,0.000000,0.000003,0.000001,0.000001,0.000218,0.000000,0.000003,0.000001,0.000001
FAudioDevice_StopSources,1182,1182.000000,0.000217,0.000000,0.000001,0.000000,0.000000,0.000217,0.000000,0.000001,0.000000,0.000000
GuLiCommanderLODWorldEffects,3898,3898.000000,0.000217,0.000000,0.000001,0.000000,0.000000,0.000217,0.000000,0.000001,0.000000,0.000000
ShipBuild,166,166.000000,0.000215,0.000000,0.000004,0.000001,0.000001,0.000215,0.000000,0.000004,0.000001,0.000001
Sync label column to actor,394,394.000000,0.000215,0.000000,0.000008,0.000001,0.000000,0.000215,0.000000,0.000008,0.000001,0.000000
SMultiBoxWidget [MultiBox.cpp(484)],3546,3546.000000,0.000206,0.000000,0.000001,0.000000,0.000000,0.000206,0.000000,0.000001,0.000000,0.000000
FCardRepresentationAsyncQueue::ProcessAsyncTasks,394,394.000000,0.000203,0.000000,0.000001,0.000001,0.000000,0.000105,0.000000,0.000001,0.000000,0.000000
SComboButton [LevelEditorToolBar.cpp(1351)],394,394.000000,0.000203,0.000000,0.000002,0.000001,0.000000,0.000203,0.000000,0.000002,0.000001,0.000000
Sync dataflow struct hierarchy to column,394,394.000000,0.000201,0.000000,0.000002,0.000001,0.000001,0.000201,0.000000,0.000002,0.000001,0.000001
SToolBarComboButtonBlock [SToolBarComboButtonBlock.cpp(62)],5910,5910.000000,0.000196,0.000000,0.000002,0.000000,0.000000,0.000196,0.000000,0.000002,0.000000,0.000000
PingPong PostPhysics->PrePhysics,394,394.000000,0.000196,0.000000,0.000002,0.000000,0.000000,0.000196,0.000000,0.000002,0.000000,0.000000
Remove selection overlay colors,394,394.000000,0.000189,0.000000,0.000002,0.000000,0.000000,0.000189,0.000000,0.000002,0.000000,0.000000
CommanderSkills,166,166.000000,0.000187,0.000000,0.000003,0.000001,0.000001,0.000187,0.000000,0.000003,0.000001,0.000001
Add Actor Mobility to a New Column,394,394.000000,0.000187,0.000000,0.000019,0.000000,0.000000,0.000187,0.000000,0.000019,0.000000,0.000000
FMin,1182,1182.000000,0.000185,0.000000,0.000009,0.000000,0.000000,0.000185,0.000000,0.000009,0.000000,0.000000
Actor Visibility Column to Object,394,394.000000,0.000179,0.000000,0.000022,0.000000,0.000000,0.000179,0.000000,0.000022,0.000000,0.000000
ULevelInstanceSubsystem::UpdateStreamingState,1576,1576.000000,0.000179,0.000000,0.000001,0.000000,0.000000,0.000179,0.000000,0.000001,0.000000,0.000000
FRenderCommandList::FParallelForContext::Init,1182,1182.000000,0.000177,0.000000,0.000001,0.000000,0.000000,0.000177,0.000000,0.000001,0.000000,0.000000
Particle Visibility Object to New Column,394,394.000000,0.000176,0.000000,0.000002,0.000000,0.000000,0.000176,0.000000,0.000002,0.000000,0.000000
FEngineLoop_HeartBeat,393,393.000000,0.000174,0.000000,0.000001,0.000000,0.000000,0.000174,0.000000,0.000001,0.000000,0.000000
Distortion,23,23.000000,0.000173,0.000006,0.000010,0.000008,0.000008,0.000173,0.000006,0.000010,0.000008,0.000008
Update alert widget state,394,394.000000,0.000173,0.000000,0.000002,0.000000,0.000000,0.000173,0.000000,0.000002,0.000000,0.000000
FEngineLoop_FlushThreadedLogs,394,394.000000,0.000171,0.000000,0.000002,0.000000,0.000000,0.000171,0.000000,0.000002,0.000000,0.000000
Sync dataflow struct label to column,394,394.000000,0.000167,0.000000,0.000002,0.000000,0.000000,0.000167,0.000000,0.000002,0.000000,0.000000
SPlacementModeTools [PlacementModeModule.cpp(535)],394,394.000000,0.000166,0.000000,0.000001,0.000000,0.000000,0.000166,0.000000,0.000001,0.000000,0.000000
SToolBarSeparatorBlock [SToolBarSeparatorBlock.cpp(34)],3152,3152.000000,0.000166,0.000000,0.000009,0.000000,0.000000,0.000166,0.000000,0.000009,0.000000,0.000000
Add parent column to actor,394,394.000000,0.000164,0.000000,0.000002,0.000000,0.000000,0.000164,0.000000,0.000002,0.000000,0.000000
Actor Level to New Column,394,394.000000,0.000163,0.000000,0.000002,0.000000,0.000000,0.000163,0.000000,0.000002,0.000000,0.000000
Sync Column to Actor's Mobility,394,394.000000,0.000163,0.000000,0.000012,0.000000,0.000000,0.000163,0.000000,0.000012,0.000000,0.000000
MassObserver_OnCompositionChanged_Collection,498,498.000000,0.000162,0.000000,0.000001,0.000000,0.000000,0.000063,0.000000,0.000000,0.000000,0.000000
FAudioDevice_UpdatePassiveSoundMixModifiers,1182,1182.000000,0.000155,0.000000,0.000001,0.000000,0.000000,0.000155,0.000000,0.000001,0.000000,0.000000
Malloc_UpdateStats,394,394.000000,0.000155,0.000000,0.000001,0.000000,0.000000,0.000155,0.000000,0.000001,0.000000,0.000000
NS_GroundDestruction_03,38,38.000000,0.000154,0.000000,0.000051,0.000004,0.000000,0.000146,0.000000,0.000049,0.000004,0.000000
FAudioMixerPlatformSwappable_CheckThreadedDeviceSwap,1182,1182.000000,0.000152,0.000000,0.000023,0.000000,0.000000,0.000152,0.000000,0.000023,0.000000,0.000000
SCheckBox [SToolBarButtonBlock.cpp(430)],4728,4728.000000,0.000151,0.000000,0.000001,0.000000,0.000000,0.000151,0.000000,0.000001,0.000000,0.000000
Update active alert header,394,394.000000,0.000149,0.000000,0.000001,0.000000,0.000000,0.000149,0.000000,0.000001,0.000000,0.000000
GuLiWingmanFlight_Submit,100,100.000000,0.000147,0.000000,0.000004,0.000001,0.000001,0.000113,0.000000,0.000003,0.000001,0.000001
FTraceAux_Stats_CSV,393,393.000000,0.000144,0.000000,0.000002,0.000000,0.000000,0.000144,0.000000,0.000002,0.000000,0.000000
SMenuEntryBlock [SMenuEntryBlock.cpp(224)],3546,3546.000000,0.000140,0.000000,0.000001,0.000000,0.000000,0.000140,0.000000,0.000001,0.000000,0.000000
UInstancedStaticMeshComponent::ClearAllInstanceBodies,556,556.000000,0.000139,0.000000,0.000001,0.000000,0.000000,0.000139,0.000000,0.000001,0.000000,0.000000
SWidgetBlock [SWidgetBlock.cpp(49)],2364,2364.000000,0.000139,0.000000,0.000001,0.000000,0.000000,0.000139,0.000000,0.000001,0.000000,0.000000
SConsoleInputBox [OutputLogModule.cpp(227)],394,394.000000,0.000138,0.000000,0.000001,0.000000,0.000000,0.000138,0.000000,0.000001,0.000000,0.000000
HandleActorHealthChanged,208,208.000000,0.000136,0.000000,0.000003,0.000001,0.000001,0.000136,0.000000,0.000003,0.000001,0.000001
FDistanceFieldAsyncQueue::ProcessPendingTasks,394,394.000000,0.000136,0.000000,0.000001,0.000000,0.000000,0.000136,0.000000,0.000001,0.000000,0.000000
SAssetEditorViewportsOverlay [AssetEditorViewportLayout.cpp(199)],394,394.000000,0.000135,0.000000,0.000001,0.000000,0.000000,0.000135,0.000000,0.000001,0.000000,0.000000
SExpanderArrow [SOutlinerTreeView.cpp(306)],3546,3546.000000,0.000134,0.000000,0.000001,0.000000,0.000000,0.000134,0.000000,0.000001,0.000000,0.000000
SDockingArea [TabManager.cpp(2154)],788,788.000000,0.000134,0.000000,0.000001,0.000000,0.000000,0.000134,0.000000,0.000001,0.000000,0.000000
OnRep_RelayState,165,165.000000,0.000132,0.000000,0.000004,0.000001,0.000001,0.000132,0.000000,0.000004,0.000001,0.000001
SPlacementAssetEntry [SPlacementModeTools.cpp(812)],2758,2758.000000,0.000128,0.000000,0.000001,0.000000,0.000000,0.000128,0.000000,0.000001,0.000000,0.000000
SSeparator [SeparatorBuilder.cpp(7)],788,788.000000,0.000121,0.000000,0.000001,0.000000,0.000000,0.000121,0.000000,0.000001,0.000000,0.000000
SMenuAnchor [SMenuEntryBlock.cpp(263)],3546,3546.000000,0.000117,0.000000,0.000001,0.000000,0.000000,0.000117,0.000000,0.000001,0.000000,0.000000
SZenStatusBarWidget [ZenEditor.cpp(104)],394,394.000000,0.000117,0.000000,0.000001,0.000000,0.000000,0.000117,0.000000,0.000001,0.000000,0.000000
SFilterSearchBoxImpl [SFilterSearchBox.cpp(180)],394,394.000000,0.000114,0.000000,0.000001,0.000000,0.000000,0.000114,0.000000,0.000001,0.000000,0.000000
SSeparator [SToolBarSeparatorBlock.cpp(82)],3152,3152.000000,0.000112,0.000000,0.000001,0.000000,0.000000,0.000112,0.000000,0.000001,0.000000,0.000000
SDetailNameArea [SDetailsView.cpp(278)],394,394.000000,0.000111,0.000000,0.000001,0.000000,0.000000,0.000111,0.000000,0.000001,0.000000,0.000000
SEditorPerformanceStatusBarWidget [EditorPerformanceModule.cpp(206)],394,394.000000,0.000109,0.000000,0.000002,0.000000,0.000000,0.000109,0.000000,0.000002,0.000000,0.000000
SActorTreeLabel [ActorTreeItem.cpp(345)],2758,2758.000000,0.000107,0.000000,0.000001,0.000000,0.000000,0.000107,0.000000,0.000001,0.000000,0.000000
FTedsAssetData::ProcessTaskQueues,788,788.000000,0.000107,0.000000,0.000001,0.000000,0.000000,0.000107,0.000000,0.000001,0.000000,0.000000
SComboButton [SZenStatusBar.cpp(307)],394,394.000000,0.000107,0.000000,0.000007,0.000000,0.000000,0.000107,0.000000,0.000007,0.000000,0.000000
UE::TraceTools::SToggleTraceButton [SInsightsStatusBar.cpp(182)],394,394.000000,0.000107,0.000000,0.000001,0.000000,0.000000,0.000107,0.000000,0.000001,0.000000,0.000000
SUnsavedAssetsStatusBarWidget [UnsavedAssetsTrackerModule.cpp(62)],394,394.000000,0.000107,0.000000,0.000002,0.000000,0.000000,0.000107,0.000000,0.000002,0.000000,0.000000
FAudioDevice_HandlePause,1182,1182.000000,0.000107,0.000000,0.000001,0.000000,0.000000,0.000107,0.000000,0.000001,0.000000,0.000000
USkeletalMeshComponent::BlockOnParallelEvaluationTask,3,3.000000,0.000106,0.000004,0.000063,0.000035,0.000039,0.000004,0.000001,0.000002,0.000001,0.000001
SStatusBar [StatusBarSubsystem.cpp(516)],394,394.000000,0.000104,0.000000,0.000002,0.000000,0.000000,0.000104,0.000000,0.000002,0.000000,0.000000
FAudioDevice_PendingActiveSoundStops,1182,1182.000000,0.000103,0.000000,0.000001,0.000000,0.000000,0.000103,0.000000,0.000001,0.000000,0.000000
FEngineLoop_Idle,394,394.000000,0.000101,0.000000,0.000001,0.000000,0.000000,0.000101,0.000000,0.000001,0.000000,0.000000
SActorFolderTreeLabel [ActorFolderTreeItem.cpp(308)],394,394.000000,0.000100,0.000000,0.000043,0.000000,0.000000,0.000100,0.000000,0.000043,0.000000,0.000000
FCardRepresentationAsyncQueue::ProcessPendingTasks,394,394.000000,0.000099,0.000000,0.000001,0.000000,0.000000,0.000099,0.000000,0.000001,0.000000,0.000000
SListPanel [STableViewBase.cpp(141)],394,394.000000,0.000096,0.000000,0.000001,0.000000,0.000000,0.000096,0.000000,0.000001,0.000000,0.000000
DestroyActors,2364,2364.000000,0.000094,0.000000,0.000007,0.000000,0.000000,0.000094,0.000000,0.000007,0.000000,0.000000
STableColumnHeader [SHeaderRow.cpp(874)],1182,1182.000000,0.000092,0.000000,0.000019,0.000000,0.000000,0.000092,0.000000,0.000019,0.000000,0.000000
UActorComponent::OnCreatePhysicsState,1750,1750.000000,0.000092,0.000000,0.000001,0.000000,0.000000,0.000092,0.000000,0.000001,0.000000,0.000000
FAudioDevice_StartSources,1182,1182.000000,0.000091,0.000000,0.000001,0.000000,0.000000,0.000091,0.000000,0.000001,0.000000,0.000000
SDockingSplitter [TabManager.cpp(2200)],1576,1576.000000,0.000091,0.000000,0.000001,0.000000,0.000000,0.000091,0.000000,0.000001,0.000000,0.000000
VectorVM_Experimental,46,46.000000,0.000090,0.000001,0.000005,0.000002,0.000002,0.000090,0.000001,0.000005,0.000002,0.000002
UpdateLevelVisibilityPriority,1182,1182.000000,0.000086,0.000000,0.000001,0.000000,0.000000,0.000086,0.000000,0.000001,0.000000,0.000000
SComboButton [SOutputLog.cpp(191)],394,394.000000,0.000084,0.000000,0.000001,0.000000,0.000000,0.000084,0.000000,0.000001,0.000000,0.000000
SFilterSearchBox [SSceneOutliner.cpp(64)],394,394.000000,0.000081,0.000000,0.000001,0.000000,0.000000,0.000081,0.000000,0.000001,0.000000,0.000000
SWrapBox [SBasicFilterBar.h(156)],394,394.000000,0.000081,0.000000,0.000001,0.000000,0.000000,0.000081,0.000000,0.000001,0.000000,0.000000
SActorDetails [SLevelEditor.cpp(2233)],394,394.000000,0.000081,0.000000,0.000001,0.000000,0.000000,0.000081,0.000000,0.000001,0.000000,0.000000
SComboButton [SBasicFilterBar.h(264)],394,394.000000,0.000080,0.000000,0.000001,0.000000,0.000000,0.000080,0.000000,0.000001,0.000000,0.000000
SGlobalPlayWorldActions [SEditorViewport.cpp(277)],394,394.000000,0.000079,0.000000,0.000001,0.000000,0.000000,0.000079,0.000000,0.000001,0.000000,0.000000
SInsightsStatusBarWidget::Tick,394,394.000000,0.000076,0.000000,0.000009,0.000000,0.000000,0.000076,0.000000,0.000009,0.000000,0.000000
SComboButton [SourceControlMenuHelpers.cpp(457)],394,394.000000,0.000075,0.000000,0.000001,0.000000,0.000000,0.000075,0.000000,0.000001,0.000000,0.000000
SComboButton [SInsightsStatusBar.cpp(148)],394,394.000000,0.000075,0.000000,0.000001,0.000000,0.000000,0.000075,0.000000,0.000001,0.000000,0.000000
SInlineEditableTextBlock [ActorTreeItem.cpp(55)],2364,2364.000000,0.000074,0.000000,0.000001,0.000000,0.000000,0.000074,0.000000,0.000001,0.000000,0.000000
SPlacementAssetThumbnail [SPlacementModeTools.cpp(262)],2758,2758.000000,0.000073,0.000000,0.000001,0.000000,0.000000,0.000073,0.000000,0.000001,0.000000,0.000000
FTextureCompilingManager::ProcessTextures,394,394.000000,0.000071,0.000000,0.000001,0.000000,0.000000,0.000071,0.000000,0.000001,0.000000,0.000000
Sprite,48,48.000000,0.000071,0.000000,0.000005,0.000001,0.000002,0.000071,0.000000,0.000005,0.000001,0.000002
FActorFolders::OnAllLevelsChanged,394,394.000000,0.000070,0.000000,0.000001,0.000000,0.000000,0.000070,0.000000,0.000001,0.000000,0.000000
FSkinnedAssetCompilingManager::ProcessSkinnedAssets,394,394.000000,0.000068,0.000000,0.000001,0.000000,0.000000,0.000068,0.000000,0.000001,0.000000,0.000000
SDockingTabWell [SDockingTabStack.cpp(124)],1970,1970.000000,0.000068,0.000000,0.000001,0.000000,0.000000,0.000068,0.000000,0.000001,0.000000,0.000000
NiagaraDataInterfaceArrayPosition,42,42.000000,0.000066,0.000000,0.000003,0.000002,0.000001,0.000066,0.000000,0.000003,0.000002,0.000001
FAnimBankCompilingManager::ProcessAnimBanks,394,394.000000,0.000065,0.000000,0.000000,0.000000,0.000000,0.000065,0.000000,0.000000,0.000000,0.000000
SMultiLineEditableTextBox [SOutputLog.cpp(226)],394,394.000000,0.000065,0.000000,0.000001,0.000000,0.000000,0.000065,0.000000,0.000001,0.000000,0.000000
FSoundWaveCompilingManager::ProcessSoundWaves,394,394.000000,0.000064,0.000000,0.000001,0.000000,0.000000,0.000064,0.000000,0.000001,0.000000,0.000000
FStaticMeshCompilingManager::ProcessStaticMeshes,394,394.000000,0.000064,0.000000,0.000001,0.000000,0.000000,0.000064,0.000000,0.000001,0.000000,0.000000
FAudioDevice_VirtualizeLoops,1182,1182.000000,0.000064,0.000000,0.000001,0.000000,0.000000,0.000064,0.000000,0.000001,0.000000,0.000000
UE::Slate::Private::SPanelDrawerArea [TabManager.cpp(1197)],394,394.000000,0.000063,0.000000,0.000001,0.000000,0.000000,0.000063,0.000000,0.000001,0.000000,0.000000
SDockingTabStack [TabManager.cpp(2004)],1970,1970.000000,0.000060,0.000000,0.000001,0.000000,0.000000,0.000060,0.000000,0.000001,0.000000,0.000000
SExtensionPanel [LevelEditor.cpp(193)],394,394.000000,0.000060,0.000000,0.000001,0.000000,0.000000,0.000060,0.000000,0.000001,0.000000,0.000000
SSearchBox [SPlacementModeTools.cpp(696)],394,394.000000,0.000059,0.000000,0.000001,0.000000,0.000000,0.000059,0.000000,0.000001,0.000000,0.000000
InitTranslucencyLightingVolumeTextures,787,787.000000,0.000059,0.000000,0.000001,0.000000,0.000000,0.000059,0.000000,0.000001,0.000000,0.000000
SSeparator [SourceControlMenuHelpers.cpp(443)],394,394.000000,0.000058,0.000000,0.000002,0.000000,0.000000,0.000058,0.000000,0.000002,0.000000,0.000000
SSceneOutlinerFilterBar [SSceneOutliner.cpp(2784)],394,394.000000,0.000058,0.000000,0.000000,0.000000,0.000000,0.000058,0.000000,0.000000,0.000000,0.000000
SInlineEditableTextBlock [ActorFolderTreeItem.cpp(37)],394,394.000000,0.000054,0.000000,0.000000,0.000000,0.000000,0.000054,0.000000,0.000000,0.000000,0.000000
SSplitter [SDockingArea.cpp(82)],788,788.000000,0.000053,0.000000,0.000001,0.000000,0.000000,0.000053,0.000000,0.000001,0.000000,0.000000
FAnalyticsPropertyStore::Flush,3,3.000000,0.000049,0.000013,0.000022,0.000016,0.000014,0.000039,0.000009,0.000018,0.000013,0.000012
HealthBarInstances,57,57.000000,0.000043,0.000001,0.000001,0.000001,0.000001,0.000028,0.000000,0.000001,0.000000,0.000000
SSplitter [SDockingSplitter.cpp(15)],1576,1576.000000,0.000042,0.000000,0.000001,0.000000,0.000000,0.000042,0.000000,0.000001,0.000000,0.000000
SWorldTreeLabel [WorldTreeItem.cpp(253)],394,394.000000,0.000040,0.000000,0.000000,0.000000,0.000000,0.000040,0.000000,0.000000,0.000000,0.000000
NiagaraDataInterfaceArrayColor,42,42.000000,0.000036,0.000000,0.000001,0.000001,0.000001,0.000036,0.000000,0.000001,0.000001,0.000001
FComponentTypeRegistryData::Tick,394,394.000000,0.000034,0.000000,0.000001,0.000000,0.000000,0.000034,0.000000,0.000001,0.000000,0.000000
NiagaraDataInterfaceArrayFloat2,42,42.000000,0.000033,0.000000,0.000001,0.000001,0.000001,0.000033,0.000000,0.000001,0.000001,0.000001
SMenuAnchor [SOutputLog.cpp(182)],394,394.000000,0.000032,0.000000,0.000001,0.000000,0.000000,0.000032,0.000000,0.000001,0.000000,0.000000
FGroomBindingCompilingManager::ProcessGroomBindingAssets,394,394.000000,0.000032,0.000000,0.000000,0.000000,0.000000,0.000032,0.000000,0.000000,0.000000,0.000000
SHeaderRow [SSceneOutliner.cpp(125)],394,394.000000,0.000032,0.000000,0.000001,0.000000,0.000000,0.000032,0.000000,0.000001,0.000000,0.000000
SUniformWrapPanel [ColumnWrappingContainer.cpp(61)],394,394.000000,0.000032,0.000000,0.000001,0.000000,0.000000,0.000032,0.000000,0.000001,0.000000,0.000000
SCheckBox [SToolBarComboButtonBlock.cpp(283)],1182,1182.000000,0.000032,0.000000,0.000001,0.000000,0.000000,0.000032,0.000000,0.000001,0.000000,0.000000
SSourceControlControls [SourceControlMenuHelpers.cpp(450)],394,394.000000,0.000031,0.000000,0.000001,0.000000,0.000000,0.000031,0.000000,0.000001,0.000000,0.000000
GuLiEngineering_PathBudget,394,394.000000,0.000031,0.000000,0.000004,0.000000,0.000000,0.000031,0.000000,0.000004,0.000000,0.000000
Add Icon override to level,59,59.000000,0.000031,0.000000,0.000001,0.000001,0.000000,0.000031,0.000000,0.000001,0.000001,0.000000
DecalComponent,18,18.000000,0.000028,0.000000,0.000003,0.000002,0.000002,0.000008,0.000000,0.000001,0.000000,0.000000
SMenuAnchor [SFilterSearchBox.cpp(177)],394,394.000000,0.000027,0.000000,0.000000,0.000000,0.000000,0.000027,0.000000,0.000000,0.000000,0.000000
SComboButton [SSceneOutliner.cpp(206)],394,394.000000,0.000025,0.000000,0.000000,0.000000,0.000000,0.000025,0.000000,0.000000,0.000000,0.000000
SComboButton [SClippingVerticalBox.cpp(145)],394,394.000000,0.000023,0.000000,0.000001,0.000000,0.000000,0.000023,0.000000,0.000001,0.000000,0.000000
GameplayDebuggerPlayerManager,6,6.000000,0.000023,0.000003,0.000005,0.000004,0.000004,0.000023,0.000003,0.000005,0.000004,0.000004
FWaitingQueue_SignalStandbyThread,5,5.000000,0.000022,0.000002,0.000007,0.000004,0.000004,0.000022,0.000002,0.000007,0.000004,0.000004
NiagaraDataInterfaceArrayFloat3,21,21.000000,0.000021,0.000001,0.000002,0.000001,0.000001,0.000021,0.000001,0.000002,0.000001,0.000001
ArrowComponent0,48,48.000000,0.000020,0.000000,0.000001,0.000000,0.000000,0.000020,0.000000,0.000001,0.000000,0.000000
MID_M_GroundWarning_Circle,18,18.000000,0.000020,0.000000,0.000003,0.000001,0.000002,0.000020,0.000000,0.000003,0.000001,0.000002
SDockTab [SLevelEditor.cpp(813)],394,394.000000,0.000016,0.000000,0.000001,0.000000,0.000000,0.000016,0.000000,0.000001,0.000000,0.000000
SSeparator [SHeaderRow.cpp(1047)],394,394.000000,0.000015,0.000000,0.000000,0.000000,0.000000,0.000015,0.000000,0.000000,0.000000,0.000000
Plane,57,57.000000,0.000015,0.000000,0.000001,0.000000,0.000000,0.000015,0.000000,0.000001,0.000000,0.000000
SDockTab [MainFrameModule.cpp(923)],394,394.000000,0.000015,0.000000,0.000001,0.000000,0.000000,0.000015,0.000000,0.000001,0.000000,0.000000
SSplitter [SActorDetails.cpp(348)],394,394.000000,0.000015,0.000000,0.000000,0.000000,0.000000,0.000015,0.000000,0.000000,0.000000,0.000000
SDockTab [LevelEditor.cpp(224)],394,394.000000,0.000015,0.000000,0.000001,0.000000,0.000000,0.000015,0.000000,0.000001,0.000000,0.000000
Glow,1,1.000000,0.000014,0.000014,0.000014,0.000014,0.000014,0.000011,0.000011,0.000011,0.000011,0.000011
SWidgetDrawer [SStatusBar.cpp(593)],394,394.000000,0.000014,0.000000,0.000000,0.000000,0.000000,0.000014,0.000000,0.000000,0.000000,0.000000
SDockingTabStack [TabManager.cpp(2027)],394,394.000000,0.000013,0.000000,0.000001,0.000000,0.000000,0.000013,0.000000,0.000001,0.000000,0.000000
SScrollBarTrack [SScrollBar.cpp(47)],394,394.000000,0.000013,0.000000,0.000000,0.000000,0.000000,0.000013,0.000000,0.000000,0.000000,0.000000
SDockTab [SLevelEditor.cpp(1180)],394,394.000000,0.000013,0.000000,0.000000,0.000000,0.000000,0.000013,0.000000,0.000000,0.000000,0.000000
SSplitter [CategoryDrivenContentBuilderBase.cpp(141)],394,394.000000,0.000012,0.000000,0.000001,0.000000,0.000000,0.000012,0.000000,0.000001,0.000000,0.000000
SSplitter [SHeaderRow.cpp(808)],394,394.000000,0.000012,0.000000,0.000000,0.000000,0.000000,0.000012,0.000000,0.000000,0.000000,0.000000
RIbbonTrailFollower,1,1.000000,0.000012,0.000012,0.000012,0.000012,0.000012,0.000009,0.000009,0.000009,0.000009,0.000009
RibbonCore,1,1.000000,0.000012,0.000012,0.000012,0.000012,0.000012,0.000009,0.000009,0.000009,0.000009,0.000009
SScrollPanel [SScrollBox.cpp(157)],394,394.000000,0.000011,0.000000,0.000001,0.000000,0.000000,0.000011,0.000000,0.000001,0.000000,0.000000
SDockTab [SLevelEditor.cpp(1032)],394,394.000000,0.000011,0.000000,0.000000,0.000000,0.000000,0.000011,0.000000,0.000000,0.000000,0.000000
SDockTab [OutputLogModule.cpp(118)],394,394.000000,0.000010,0.000000,0.000000,0.000000,0.000000,0.000010,0.000000,0.000000,0.000000,0.000000
Debris,1,1.000000,0.000010,0.000010,0.000010,0.000010,0.000010,0.000008,0.000008,0.000008,0.000008,0.000008
Sparks,1,1.000000,0.000010,0.000010,0.000010,0.000010,0.000010,0.000008,0.000008,0.000008,0.000008,0.000008
ShadowFrustumQueries,1575,1575.000000,0.000009,0.000000,0.000001,0.000000,0.000000,0.000009,0.000000,0.000001,0.000000,0.000000
Flash,1,1.000000,0.000009,0.000009,0.000009,0.000009,0.000009,0.000007,0.000007,0.000007,0.000007,0.000007
SDockTab [SLevelEditor.cpp(1004)],394,394.000000,0.000008,0.000000,0.000001,0.000000,0.000000,0.000008,0.000000,0.000001,0.000000,0.000000
OnRep_ResourcePrivateState,2,2.000000,0.000005,0.000002,0.000003,0.000002,0.000003,0.000005,0.000002,0.000003,0.000002,0.000003
OnRep_Territories,2,2.000000,0.000004,0.000002,0.000002,0.000002,0.000002,0.000004,0.000002,0.000002,0.000002,0.000002
SuccessfulTaskRetraction,10,10.000000,0.000001,0.000000,0.000000,0.000000,0.000000,0.000001,0.000000,0.000000,0.000000,0.000000
A_RPF_Door_Open,1,1.000000,0.000001,0.000001,0.000001,0.000001,0.000001,0.000001,0.000001,0.000001,0.000001,0.000001
